Method,LLM,Persona,Input Tokens,Output Tokens,Number of Calls
OneShot,Claude-4,P1,308,175,1
OneShot,Claude-4,P1,308,199,1
OneShot,Claude-4,P1,308,195,1
OneShot,Claude-4,P1,308,198,1
OneShot,Claude-4,P1,308,206,1
OneShot,Claude-4,P2,308,183,1
OneShot,Claude-4,P2,308,196,1
OneShot,Claude-4,P2,308,184,1
OneShot,Claude-4,P2,308,203,1
OneShot,Claude-4,P2,308,196,1
OneShot,Claude-4,P3,308,200,1
OneShot,Claude-4,P3,308,183,1
OneShot,Claude-4,P3,308,184,1
OneShot,Claude-4,P3,308,178,1
OneShot,Claude-4,P3,308,199,1
OneShot,Claude-4,P4,308,196,1
OneShot,Claude-4,P4,308,223,1
OneShot,Claude-4,P4,308,159,1
OneShot,Claude-4,P4,308,215,1
OneShot,Claude-4,P4,308,176,1
OneShot,Claude-4,P5,308,174,1
OneShot,Claude-4,P5,308,181,1
OneShot,Claude-4,P5,308,216,1
OneShot,Claude-4,P5,308,222,1
OneShot,Claude-4,P5,308,199,1
OneShot,Claude-4,P6,308,187,1
OneShot,Claude-4,P6,308,198,1
OneShot,Claude-4,P6,308,208,1
OneShot,Claude-4,P6,308,207,1
OneShot,Claude-4,P6,308,190,1
OneShot,Claude-4,P7,308,186,1
OneShot,Claude-4,P7,308,214,1
OneShot,Claude-4,P7,308,191,1
OneShot,Claude-4,P7,308,219,1
OneShot,Claude-4,P7,308,172,1
OneShot,Claude-4,P8,308,179,1
OneShot,Claude-4,P8,308,214,1
OneShot,Claude-4,P8,308,175,1
OneShot,Claude-4,P8,308,192,1
OneShot,Claude-4,P8,308,193,1
OneShot,Claude-4,P9,308,206,1
OneShot,Claude-4,P9,308,184,1
OneShot,Claude-4,P9,308,203,1
OneShot,Claude-4,P9,308,192,1
OneShot,Claude-4,P9,308,181,1
OneShot,Claude-4,P10,308,189,1
OneShot,Claude-4,P10,308,215,1
OneShot,Claude-4,P10,308,181,1
OneShot,Claude-4,P10,308,197,1
OneShot,Claude-4,P10,308,192,1
OneShot,Gemini-2,P1,328,279,1
OneShot,Gemini-2,P1,328,296,1
OneShot,Gemini-2,P1,328,257,1
OneShot,Gemini-2,P1,328,292,1
OneShot,Gemini-2,P1,328,241,1
OneShot,Gemini-2,P2,328,290,1
OneShot,Gemini-2,P2,328,252,1
OneShot,Gemini-2,P2,328,277,1
OneShot,Gemini-2,P2,328,289,1
OneShot,Gemini-2,P2,328,271,1
OneShot,Gemini-2,P3,328,286,1
OneShot,Gemini-2,P3,328,279,1
OneShot,Gemini-2,P3,328,249,1
OneShot,Gemini-2,P3,328,258,1
OneShot,Gemini-2,P3,328,244,1
OneShot,Gemini-2,P4,328,251,1
OneShot,Gemini-2,P4,328,274,1
OneShot,Gemini-2,P4,328,249,1
OneShot,Gemini-2,P4,328,226,1
OneShot,Gemini-2,P4,328,268,1
OneShot,Gemini-2,P5,328,255,1
OneShot,Gemini-2,P5,328,282,1
OneShot,Gemini-2,P5,328,242,1
OneShot,Gemini-2,P5,328,270,1
OneShot,Gemini-2,P5,328,230,1
OneShot,Gemini-2,P6,328,271,1
OneShot,Gemini-2,P6,328,279,1
OneShot,Gemini-2,P6,328,254,1
OneShot,Gemini-2,P6,328,231,1
OneShot,Gemini-2,P6,328,319,1
OneShot,Gemini-2,P7,328,239,1
OneShot,Gemini-2,P7,328,254,1
OneShot,Gemini-2,P7,328,277,1
OneShot,Gemini-2,P7,328,267,1
OneShot,Gemini-2,P7,328,245,1
OneShot,Gemini-2,P8,328,272,1
OneShot,Gemini-2,P8,328,259,1
OneShot,Gemini-2,P8,328,293,1
OneShot,Gemini-2,P8,328,219,1
OneShot,Gemini-2,P8,328,284,1
OneShot,Gemini-2,P9,328,261,1
OneShot,Gemini-2,P9,328,285,1
OneShot,Gemini-2,P9,328,284,1
OneShot,Gemini-2,P9,328,265,1
OneShot,Gemini-2,P9,328,265,1
OneShot,Gemini-2,P10,328,278,1
OneShot,Gemini-2,P10,328,308,1
OneShot,Gemini-2,P10,328,273,1
OneShot,Gemini-2,P10,328,297,1
OneShot,Gemini-2,P10,328,229,1
OneShot,Gemini-3,P1,328,490,1
OneShot,Gemini-3,P1,328,523,1
OneShot,Gemini-3,P1,328,471,1
OneShot,Gemini-3,P1,328,491,1
OneShot,Gemini-3,P1,328,444,1
OneShot,Gemini-3,P2,328,544,1
OneShot,Gemini-3,P2,328,509,1
OneShot,Gemini-3,P2,328,418,1
OneShot,Gemini-3,P2,328,405,1
OneShot,Gemini-3,P2,328,511,1
OneShot,Gemini-3,P3,328,493,1
OneShot,Gemini-3,P3,328,447,1
OneShot,Gemini-3,P3,328,386,1
OneShot,Gemini-3,P3,328,425,1
OneShot,Gemini-3,P3,328,442,1
OneShot,Gemini-3,P4,328,450,1
OneShot,Gemini-3,P4,328,475,1
OneShot,Gemini-3,P4,328,471,1
OneShot,Gemini-3,P4,328,515,1
OneShot,Gemini-3,P4,328,426,1
OneShot,Gemini-3,P5,328,547,1
OneShot,Gemini-3,P5,328,386,1
OneShot,Gemini-3,P5,328,371,1
OneShot,Gemini-3,P5,328,477,1
OneShot,Gemini-3,P5,328,492,1
OneShot,Gemini-3,P6,328,430,1
OneShot,Gemini-3,P6,328,496,1
OneShot,Gemini-3,P6,328,449,1
OneShot,Gemini-3,P6,328,469,1
OneShot,Gemini-3,P6,328,437,1
OneShot,Gemini-3,P7,328,447,1
OneShot,Gemini-3,P7,328,393,1
OneShot,Gemini-3,P7,328,452,1
OneShot,Gemini-3,P7,328,497,1
OneShot,Gemini-3,P7,328,532,1
OneShot,Gemini-3,P8,328,492,1
OneShot,Gemini-3,P8,328,476,1
OneShot,Gemini-3,P8,328,488,1
OneShot,Gemini-3,P8,328,490,1
OneShot,Gemini-3,P8,328,495,1
OneShot,Gemini-3,P9,328,516,1
OneShot,Gemini-3,P9,328,468,1
OneShot,Gemini-3,P9,328,490,1
OneShot,Gemini-3,P9,328,510,1
OneShot,Gemini-3,P9,328,503,1
OneShot,Gemini-3,P10,328,502,1
OneShot,Gemini-3,P10,328,445,1
OneShot,Gemini-3,P10,328,429,1
OneShot,Gemini-3,P10,328,501,1
OneShot,Gemini-3,P10,328,484,1
OneShot,GPT-4o,P1,306,260,1
OneShot,GPT-4o,P1,306,247,1
OneShot,GPT-4o,P1,306,296,1
OneShot,GPT-4o,P1,306,263,1
OneShot,GPT-4o,P1,306,278,1
OneShot,GPT-4o,P2,306,263,1
OneShot,GPT-4o,P2,306,274,1
OneShot,GPT-4o,P2,306,297,1
OneShot,GPT-4o,P2,306,257,1
OneShot,GPT-4o,P2,306,267,1
OneShot,GPT-4o,P3,306,287,1
OneShot,GPT-4o,P3,306,268,1
OneShot,GPT-4o,P3,306,265,1
OneShot,GPT-4o,P3,306,265,1
OneShot,GPT-4o,P3,306,287,1
OneShot,GPT-4o,P4,306,282,1
OneShot,GPT-4o,P4,306,306,1
OneShot,GPT-4o,P4,306,286,1
OneShot,GPT-4o,P4,306,274,1
OneShot,GPT-4o,P4,306,293,1
OneShot,GPT-4o,P5,306,253,1
OneShot,GPT-4o,P5,306,261,1
OneShot,GPT-4o,P5,306,294,1
OneShot,GPT-4o,P5,306,258,1
OneShot,GPT-4o,P5,306,278,1
OneShot,GPT-4o,P6,306,257,1
OneShot,GPT-4o,P6,306,264,1
OneShot,GPT-4o,P6,306,254,1
OneShot,GPT-4o,P6,306,294,1
OneShot,GPT-4o,P6,306,274,1
OneShot,GPT-4o,P7,306,241,1
OneShot,GPT-4o,P7,306,268,1
OneShot,GPT-4o,P7,306,258,1
OneShot,GPT-4o,P7,306,240,1
OneShot,GPT-4o,P7,306,264,1
OneShot,GPT-4o,P8,306,278,1
OneShot,GPT-4o,P8,306,282,1
OneShot,GPT-4o,P8,306,241,1
OneShot,GPT-4o,P8,306,274,1
OneShot,GPT-4o,P8,306,242,1
OneShot,GPT-4o,P9,306,283,1
OneShot,GPT-4o,P9,306,281,1
OneShot,GPT-4o,P9,306,298,1
OneShot,GPT-4o,P9,306,285,1
OneShot,GPT-4o,P9,306,239,1
OneShot,GPT-4o,P10,306,256,1
OneShot,GPT-4o,P10,306,264,1
OneShot,GPT-4o,P10,306,243,1
OneShot,GPT-4o,P10,306,284,1
OneShot,GPT-4o,P10,306,317,1
OneShot,GPT-5.2,P1,306,520,1
OneShot,GPT-5.2,P1,306,530,1
OneShot,GPT-5.2,P1,306,470,1
OneShot,GPT-5.2,P1,306,510,1
OneShot,GPT-5.2,P1,306,499,1
OneShot,GPT-5.2,P2,306,474,1
OneShot,GPT-5.2,P2,306,452,1
OneShot,GPT-5.2,P2,306,482,1
OneShot,GPT-5.2,P2,306,455,1
OneShot,GPT-5.2,P2,306,480,1
OneShot,GPT-5.2,P3,306,522,1
OneShot,GPT-5.2,P3,306,529,1
OneShot,GPT-5.2,P3,306,458,1
OneShot,GPT-5.2,P3,306,478,1
OneShot,GPT-5.2,P3,306,503,1
OneShot,GPT-5.2,P4,306,456,1
OneShot,GPT-5.2,P4,306,466,1
OneShot,GPT-5.2,P4,306,493,1
OneShot,GPT-5.2,P4,306,508,1
OneShot,GPT-5.2,P4,306,474,1
OneShot,GPT-5.2,P5,306,528,1
OneShot,GPT-5.2,P5,306,460,1
OneShot,GPT-5.2,P5,306,465,1
OneShot,GPT-5.2,P5,306,466,1
OneShot,GPT-5.2,P5,306,492,1
OneShot,GPT-5.2,P6,306,516,1
OneShot,GPT-5.2,P6,306,461,1
OneShot,GPT-5.2,P6,306,459,1
OneShot,GPT-5.2,P6,306,500,1
OneShot,GPT-5.2,P6,306,452,1
OneShot,GPT-5.2,P7,306,528,1
OneShot,GPT-5.2,P7,306,463,1
OneShot,GPT-5.2,P7,306,478,1
OneShot,GPT-5.2,P7,306,431,1
OneShot,GPT-5.2,P7,306,535,1
OneShot,GPT-5.2,P8,306,523,1
OneShot,GPT-5.2,P8,306,508,1
OneShot,GPT-5.2,P8,306,443,1
OneShot,GPT-5.2,P8,306,570,1
OneShot,GPT-5.2,P8,306,573,1
OneShot,GPT-5.2,P9,306,544,1
OneShot,GPT-5.2,P9,306,524,1
OneShot,GPT-5.2,P9,306,518,1
OneShot,GPT-5.2,P9,306,587,1
OneShot,GPT-5.2,P9,306,504,1
OneShot,GPT-5.2,P10,306,464,1
OneShot,GPT-5.2,P10,306,432,1
OneShot,GPT-5.2,P10,306,442,1
OneShot,GPT-5.2,P10,306,488,1
OneShot,GPT-5.2,P10,306,472,1
OneShot,Grok-3,P1,323,299,1
OneShot,Grok-3,P1,323,338,1
OneShot,Grok-3,P1,323,335,1
OneShot,Grok-3,P1,323,361,1
OneShot,Grok-3,P1,323,319,1
OneShot,Grok-3,P2,323,256,1
OneShot,Grok-3,P2,323,313,1
OneShot,Grok-3,P2,323,301,1
OneShot,Grok-3,P2,323,334,1
OneShot,Grok-3,P2,323,306,1
OneShot,Grok-3,P3,323,309,1
OneShot,Grok-3,P3,323,318,1
OneShot,Grok-3,P3,323,299,1
OneShot,Grok-3,P3,323,335,1
OneShot,Grok-3,P3,323,335,1
OneShot,Grok-3,P4,323,305,1
OneShot,Grok-3,P4,323,298,1
OneShot,Grok-3,P4,323,311,1
OneShot,Grok-3,P4,323,330,1
OneShot,Grok-3,P4,323,312,1
OneShot,Grok-3,P5,323,283,1
OneShot,Grok-3,P5,323,310,1
OneShot,Grok-3,P5,323,331,1
OneShot,Grok-3,P5,323,290,1
OneShot,Grok-3,P5,323,332,1
OneShot,Grok-3,P6,323,311,1
OneShot,Grok-3,P6,323,301,1
OneShot,Grok-3,P6,323,353,1
OneShot,Grok-3,P6,323,330,1
OneShot,Grok-3,P6,323,330,1
OneShot,Grok-3,P7,323,330,1
OneShot,Grok-3,P7,323,262,1
OneShot,Grok-3,P7,323,299,1
OneShot,Grok-3,P7,323,328,1
OneShot,Grok-3,P7,323,319,1
OneShot,Grok-3,P8,323,315,1
OneShot,Grok-3,P8,323,306,1
OneShot,Grok-3,P8,323,332,1
OneShot,Grok-3,P8,323,315,1
OneShot,Grok-3,P8,323,293,1
OneShot,Grok-3,P9,323,311,1
OneShot,Grok-3,P9,323,310,1
OneShot,Grok-3,P9,323,310,1
OneShot,Grok-3,P9,323,334,1
OneShot,Grok-3,P9,323,383,1
OneShot,Grok-3,P10,323,285,1
OneShot,Grok-3,P10,323,280,1
OneShot,Grok-3,P10,323,363,1
OneShot,Grok-3,P10,323,263,1
OneShot,Grok-3,P10,323,342,1
OneShot,o4-mini,P1,306,473,1
OneShot,o4-mini,P1,306,522,1
OneShot,o4-mini,P1,306,458,1
OneShot,o4-mini,P1,306,492,1
OneShot,o4-mini,P1,306,456,1
OneShot,o4-mini,P2,306,469,1
OneShot,o4-mini,P2,306,478,1
OneShot,o4-mini,P2,306,438,1
OneShot,o4-mini,P2,306,513,1
OneShot,o4-mini,P2,306,416,1
OneShot,o4-mini,P3,306,501,1
OneShot,o4-mini,P3,306,434,1
OneShot,o4-mini,P3,306,485,1
OneShot,o4-mini,P3,306,431,1
OneShot,o4-mini,P3,306,410,1
OneShot,o4-mini,P4,306,467,1
OneShot,o4-mini,P4,306,444,1
OneShot,o4-mini,P4,306,498,1
OneShot,o4-mini,P4,306,455,1
OneShot,o4-mini,P4,306,439,1
OneShot,o4-mini,P5,306,424,1
OneShot,o4-mini,P5,306,442,1
OneShot,o4-mini,P5,306,484,1
OneShot,o4-mini,P5,306,432,1
OneShot,o4-mini,P5,306,457,1
OneShot,o4-mini,P6,306,492,1
OneShot,o4-mini,P6,306,457,1
OneShot,o4-mini,P6,306,453,1
OneShot,o4-mini,P6,306,494,1
OneShot,o4-mini,P6,306,479,1
OneShot,o4-mini,P7,306,460,1
OneShot,o4-mini,P7,306,483,1
OneShot,o4-mini,P7,306,489,1
OneShot,o4-mini,P7,306,468,1
OneShot,o4-mini,P7,306,439,1
OneShot,o4-mini,P8,306,419,1
OneShot,o4-mini,P8,306,509,1
OneShot,o4-mini,P8,306,435,1
OneShot,o4-mini,P8,306,513,1
OneShot,o4-mini,P8,306,425,1
OneShot,o4-mini,P9,306,488,1
OneShot,o4-mini,P9,306,547,1
OneShot,o4-mini,P9,306,432,1
OneShot,o4-mini,P9,306,489,1
OneShot,o4-mini,P9,306,402,1
OneShot,o4-mini,P10,306,521,1
OneShot,o4-mini,P10,306,498,1
OneShot,o4-mini,P10,306,417,1
OneShot,o4-mini,P10,306,424,1
OneShot,o4-mini,P10,306,404,1
OneShot+Res,Claude-4,P1,3205,175,1
OneShot+Res,Claude-4,P1,3205,174,1
OneShot+Res,Claude-4,P1,3205,204,1
OneShot+Res,Claude-4,P1,3205,195,1
OneShot+Res,Claude-4,P1,3205,186,1
OneShot+Res,Claude-4,P2,3205,189,1
OneShot+Res,Claude-4,P2,3205,181,1
OneShot+Res,Claude-4,P2,3205,215,1
OneShot+Res,Claude-4,P2,3205,181,1
OneShot+Res,Claude-4,P2,3205,192,1
OneShot+Res,Claude-4,P3,3205,211,1
OneShot+Res,Claude-4,P3,3205,213,1
OneShot+Res,Claude-4,P3,3205,205,1
OneShot+Res,Claude-4,P3,3205,164,1
OneShot+Res,Claude-4,P3,3205,206,1
OneShot+Res,Claude-4,P4,3205,194,1
OneShot+Res,Claude-4,P4,3205,195,1
OneShot+Res,Claude-4,P4,3205,174,1
OneShot+Res,Claude-4,P4,3205,219,1
OneShot+Res,Claude-4,P4,3205,201,1
OneShot+Res,Claude-4,P5,3205,187,1
OneShot+Res,Claude-4,P5,3205,192,1
OneShot+Res,Claude-4,P5,3205,218,1
OneShot+Res,Claude-4,P5,3205,188,1
OneShot+Res,Claude-4,P5,3205,184,1
OneShot+Res,Claude-4,P6,3205,180,1
OneShot+Res,Claude-4,P6,3205,190,1
OneShot+Res,Claude-4,P6,3205,191,1
OneShot+Res,Claude-4,P6,3205,185,1
OneShot+Res,Claude-4,P6,3205,193,1
OneShot+Res,Claude-4,P7,3205,188,1
OneShot+Res,Claude-4,P7,3205,190,1
OneShot+Res,Claude-4,P7,3205,174,1
OneShot+Res,Claude-4,P7,3205,157,1
OneShot+Res,Claude-4,P7,3205,177,1
OneShot+Res,Claude-4,P8,3205,183,1
OneShot+Res,Claude-4,P8,3205,169,1
OneShot+Res,Claude-4,P8,3205,172,1
OneShot+Res,Claude-4,P8,3205,204,1
OneShot+Res,Claude-4,P8,3205,158,1
OneShot+Res,Claude-4,P9,3205,211,1
OneShot+Res,Claude-4,P9,3205,175,1
OneShot+Res,Claude-4,P9,3205,189,1
OneShot+Res,Claude-4,P9,3205,190,1
OneShot+Res,Claude-4,P9,3205,178,1
OneShot+Res,Claude-4,P10,3205,220,1
OneShot+Res,Claude-4,P10,3205,194,1
OneShot+Res,Claude-4,P10,3205,200,1
OneShot+Res,Claude-4,P10,3205,185,1
OneShot+Res,Claude-4,P10,3205,199,1
OneShot+Res,Gemini-2,P1,3239,329,1
OneShot+Res,Gemini-2,P1,3239,308,1
OneShot+Res,Gemini-2,P1,3239,323,1
OneShot+Res,Gemini-2,P1,3239,289,1
OneShot+Res,Gemini-2,P1,3239,321,1
OneShot+Res,Gemini-2,P2,3239,247,1
OneShot+Res,Gemini-2,P2,3239,317,1
OneShot+Res,Gemini-2,P2,3239,324,1
OneShot+Res,Gemini-2,P2,3239,284,1
OneShot+Res,Gemini-2,P2,3239,305,1
OneShot+Res,Gemini-2,P3,3239,343,1
OneShot+Res,Gemini-2,P3,3239,310,1
OneShot+Res,Gemini-2,P3,3239,304,1
OneShot+Res,Gemini-2,P3,3239,279,1
OneShot+Res,Gemini-2,P3,3239,276,1
OneShot+Res,Gemini-2,P4,3239,257,1
OneShot+Res,Gemini-2,P4,3239,342,1
OneShot+Res,Gemini-2,P4,3239,311,1
OneShot+Res,Gemini-2,P4,3239,316,1
OneShot+Res,Gemini-2,P4,3239,313,1
OneShot+Res,Gemini-2,P5,3239,323,1
OneShot+Res,Gemini-2,P5,3239,347,1
OneShot+Res,Gemini-2,P5,3239,334,1
OneShot+Res,Gemini-2,P5,3239,325,1
OneShot+Res,Gemini-2,P5,3239,317,1
OneShot+Res,Gemini-2,P6,3239,242,1
OneShot+Res,Gemini-2,P6,3239,288,1
OneShot+Res,Gemini-2,P6,3239,363,1
OneShot+Res,Gemini-2,P6,3239,273,1
OneShot+Res,Gemini-2,P6,3239,329,1
OneShot+Res,Gemini-2,P7,3239,330,1
OneShot+Res,Gemini-2,P7,3239,306,1
OneShot+Res,Gemini-2,P7,3239,309,1
OneShot+Res,Gemini-2,P7,3239,305,1
OneShot+Res,Gemini-2,P7,3239,321,1
OneShot+Res,Gemini-2,P8,3239,287,1
OneShot+Res,Gemini-2,P8,3239,307,1
OneShot+Res,Gemini-2,P8,3239,259,1
OneShot+Res,Gemini-2,P8,3239,308,1
OneShot+Res,Gemini-2,P8,3239,301,1
OneShot+Res,Gemini-2,P9,3239,273,1
OneShot+Res,Gemini-2,P9,3239,273,1
OneShot+Res,Gemini-2,P9,3239,320,1
OneShot+Res,Gemini-2,P9,3239,323,1
OneShot+Res,Gemini-2,P9,3239,278,1
OneShot+Res,Gemini-2,P10,3239,308,1
OneShot+Res,Gemini-2,P10,3239,300,1
OneShot+Res,Gemini-2,P10,3239,301,1
OneShot+Res,Gemini-2,P10,3239,330,1
OneShot+Res,Gemini-2,P10,3239,282,1
OneShot+Res,Gemini-3,P1,3239,484,1
OneShot+Res,Gemini-3,P1,3239,512,1
OneShot+Res,Gemini-3,P1,3239,606,1
OneShot+Res,Gemini-3,P1,3239,478,1
OneShot+Res,Gemini-3,P1,3239,527,1
OneShot+Res,Gemini-3,P2,3239,427,1
OneShot+Res,Gemini-3,P2,3239,566,1
OneShot+Res,Gemini-3,P2,3239,505,1
OneShot+Res,Gemini-3,P2,3239,573,1
OneShot+Res,Gemini-3,P2,3239,551,1
OneShot+Res,Gemini-3,P3,3239,514,1
OneShot+Res,Gemini-3,P3,3239,523,1
OneShot+Res,Gemini-3,P3,3239,551,1
OneShot+Res,Gemini-3,P3,3239,488,1
OneShot+Res,Gemini-3,P3,3239,456,1
OneShot+Res,Gemini-3,P4,3239,542,1
OneShot+Res,Gemini-3,P4,3239,450,1
OneShot+Res,Gemini-3,P4,3239,519,1
OneShot+Res,Gemini-3,P4,3239,501,1
OneShot+Res,Gemini-3,P4,3239,473,1
OneShot+Res,Gemini-3,P5,3239,463,1
OneShot+Res,Gemini-3,P5,3239,544,1
OneShot+Res,Gemini-3,P5,3239,517,1
OneShot+Res,Gemini-3,P5,3239,577,1
OneShot+Res,Gemini-3,P5,3239,511,1
OneShot+Res,Gemini-3,P6,3239,511,1
OneShot+Res,Gemini-3,P6,3239,522,1
OneShot+Res,Gemini-3,P6,3239,486,1
OneShot+Res,Gemini-3,P6,3239,486,1
OneShot+Res,Gemini-3,P6,3239,537,1
OneShot+Res,Gemini-3,P7,3239,572,1
OneShot+Res,Gemini-3,P7,3239,514,1
OneShot+Res,Gemini-3,P7,3239,594,1
OneShot+Res,Gemini-3,P7,3239,547,1
OneShot+Res,Gemini-3,P7,3239,540,1
OneShot+Res,Gemini-3,P8,3239,575,1
OneShot+Res,Gemini-3,P8,3239,496,1
OneShot+Res,Gemini-3,P8,3239,561,1
OneShot+Res,Gemini-3,P8,3239,563,1
OneShot+Res,Gemini-3,P8,3239,529,1
OneShot+Res,Gemini-3,P9,3239,496,1
OneShot+Res,Gemini-3,P9,3239,470,1
OneShot+Res,Gemini-3,P9,3239,594,1
OneShot+Res,Gemini-3,P9,3239,443,1
OneShot+Res,Gemini-3,P9,3239,446,1
OneShot+Res,Gemini-3,P10,3239,582,1
OneShot+Res,Gemini-3,P10,3239,511,1
OneShot+Res,Gemini-3,P10,3239,517,1
OneShot+Res,Gemini-3,P10,3239,485,1
OneShot+Res,Gemini-3,P10,3239,525,1
OneShot+Res,GPT-4o,P1,3160,287,1
OneShot+Res,GPT-4o,P1,3160,323,1
OneShot+Res,GPT-4o,P1,3160,309,1
OneShot+Res,GPT-4o,P1,3160,243,1
OneShot+Res,GPT-4o,P1,3160,308,1
OneShot+Res,GPT-4o,P2,3160,316,1
OneShot+Res,GPT-4o,P2,3160,306,1
OneShot+Res,GPT-4o,P2,3160,260,1
OneShot+Res,GPT-4o,P2,3160,269,1
OneShot+Res,GPT-4o,P2,3160,289,1
OneShot+Res,GPT-4o,P3,3160,278,1
OneShot+Res,GPT-4o,P3,3160,290,1
OneShot+Res,GPT-4o,P3,3160,286,1
OneShot+Res,GPT-4o,P3,3160,294,1
OneShot+Res,GPT-4o,P3,3160,292,1
OneShot+Res,GPT-4o,P4,3160,321,1
OneShot+Res,GPT-4o,P4,3160,289,1
OneShot+Res,GPT-4o,P4,3160,278,1
OneShot+Res,GPT-4o,P4,3160,310,1
OneShot+Res,GPT-4o,P4,3160,288,1
OneShot+Res,GPT-4o,P5,3160,263,1
OneShot+Res,GPT-4o,P5,3160,290,1
OneShot+Res,GPT-4o,P5,3160,311,1
OneShot+Res,GPT-4o,P5,3160,276,1
OneShot+Res,GPT-4o,P5,3160,322,1
OneShot+Res,GPT-4o,P6,3160,279,1
OneShot+Res,GPT-4o,P6,3160,314,1
OneShot+Res,GPT-4o,P6,3160,279,1
OneShot+Res,GPT-4o,P6,3160,284,1
OneShot+Res,GPT-4o,P6,3160,279,1
OneShot+Res,GPT-4o,P7,3160,315,1
OneShot+Res,GPT-4o,P7,3160,275,1
OneShot+Res,GPT-4o,P7,3160,278,1
OneShot+Res,GPT-4o,P7,3160,308,1
OneShot+Res,GPT-4o,P7,3160,304,1
OneShot+Res,GPT-4o,P8,3160,315,1
OneShot+Res,GPT-4o,P8,3160,307,1
OneShot+Res,GPT-4o,P8,3160,288,1
OneShot+Res,GPT-4o,P8,3160,290,1
OneShot+Res,GPT-4o,P8,3160,297,1
OneShot+Res,GPT-4o,P9,3160,309,1
OneShot+Res,GPT-4o,P9,3160,310,1
OneShot+Res,GPT-4o,P9,3160,254,1
OneShot+Res,GPT-4o,P9,3160,282,1
OneShot+Res,GPT-4o,P9,3160,302,1
OneShot+Res,GPT-4o,P10,3160,246,1
OneShot+Res,GPT-4o,P10,3160,252,1
OneShot+Res,GPT-4o,P10,3160,293,1
OneShot+Res,GPT-4o,P10,3160,291,1
OneShot+Res,GPT-4o,P10,3160,336,1
OneShot+Res,GPT-5.2,P1,3160,569,1
OneShot+Res,GPT-5.2,P1,3160,589,1
OneShot+Res,GPT-5.2,P1,3160,560,1
OneShot+Res,GPT-5.2,P1,3160,591,1
OneShot+Res,GPT-5.2,P1,3160,575,1
OneShot+Res,GPT-5.2,P2,3160,555,1
OneShot+Res,GPT-5.2,P2,3160,621,1
OneShot+Res,GPT-5.2,P2,3160,612,1
OneShot+Res,GPT-5.2,P2,3160,557,1
OneShot+Res,GPT-5.2,P2,3160,624,1
OneShot+Res,GPT-5.2,P3,3160,567,1
OneShot+Res,GPT-5.2,P3,3160,537,1
OneShot+Res,GPT-5.2,P3,3160,534,1
OneShot+Res,GPT-5.2,P3,3160,622,1
OneShot+Res,GPT-5.2,P3,3160,602,1
OneShot+Res,GPT-5.2,P4,3160,641,1
OneShot+Res,GPT-5.2,P4,3160,619,1
OneShot+Res,GPT-5.2,P4,3160,645,1
OneShot+Res,GPT-5.2,P4,3160,599,1
OneShot+Res,GPT-5.2,P4,3160,573,1
OneShot+Res,GPT-5.2,P5,3160,591,1
OneShot+Res,GPT-5.2,P5,3160,585,1
OneShot+Res,GPT-5.2,P5,3160,582,1
OneShot+Res,GPT-5.2,P5,3160,550,1
OneShot+Res,GPT-5.2,P5,3160,630,1
OneShot+Res,GPT-5.2,P6,3160,583,1
OneShot+Res,GPT-5.2,P6,3160,550,1
OneShot+Res,GPT-5.2,P6,3160,542,1
OneShot+Res,GPT-5.2,P6,3160,594,1
OneShot+Res,GPT-5.2,P6,3160,579,1
OneShot+Res,GPT-5.2,P7,3160,618,1
OneShot+Res,GPT-5.2,P7,3160,514,1
OneShot+Res,GPT-5.2,P7,3160,683,1
OneShot+Res,GPT-5.2,P7,3160,534,1
OneShot+Res,GPT-5.2,P7,3160,562,1
OneShot+Res,GPT-5.2,P8,3160,590,1
OneShot+Res,GPT-5.2,P8,3160,560,1
OneShot+Res,GPT-5.2,P8,3160,554,1
OneShot+Res,GPT-5.2,P8,3160,562,1
OneShot+Res,GPT-5.2,P8,3160,569,1
OneShot+Res,GPT-5.2,P9,3160,680,1
OneShot+Res,GPT-5.2,P9,3160,633,1
OneShot+Res,GPT-5.2,P9,3160,547,1
OneShot+Res,GPT-5.2,P9,3160,642,1
OneShot+Res,GPT-5.2,P9,3160,548,1
OneShot+Res,GPT-5.2,P10,3160,607,1
OneShot+Res,GPT-5.2,P10,3160,582,1
OneShot+Res,GPT-5.2,P10,3160,530,1
OneShot+Res,GPT-5.2,P10,3160,659,1
OneShot+Res,GPT-5.2,P10,3160,593,1
OneShot+Res,Grok-3,P1,3229,296,1
OneShot+Res,Grok-3,P1,3229,278,1
OneShot+Res,Grok-3,P1,3229,382,1
OneShot+Res,Grok-3,P1,3229,323,1
OneShot+Res,Grok-3,P1,3229,323,1
OneShot+Res,Grok-3,P2,3229,357,1
OneShot+Res,Grok-3,P2,3229,351,1
OneShot+Res,Grok-3,P2,3229,315,1
OneShot+Res,Grok-3,P2,3229,342,1
OneShot+Res,Grok-3,P2,3229,352,1
OneShot+Res,Grok-3,P3,3229,320,1
OneShot+Res,Grok-3,P3,3229,340,1
OneShot+Res,Grok-3,P3,3229,337,1
OneShot+Res,Grok-3,P3,3229,305,1
OneShot+Res,Grok-3,P3,3229,314,1
OneShot+Res,Grok-3,P4,3229,295,1
OneShot+Res,Grok-3,P4,3229,311,1
OneShot+Res,Grok-3,P4,3229,316,1
OneShot+Res,Grok-3,P4,3229,302,1
OneShot+Res,Grok-3,P4,3229,335,1
OneShot+Res,Grok-3,P5,3229,317,1
OneShot+Res,Grok-3,P5,3229,311,1
OneShot+Res,Grok-3,P5,3229,276,1
OneShot+Res,Grok-3,P5,3229,360,1
OneShot+Res,Grok-3,P5,3229,309,1
OneShot+Res,Grok-3,P6,3229,347,1
OneShot+Res,Grok-3,P6,3229,286,1
OneShot+Res,Grok-3,P6,3229,288,1
OneShot+Res,Grok-3,P6,3229,336,1
OneShot+Res,Grok-3,P6,3229,325,1
OneShot+Res,Grok-3,P7,3229,309,1
OneShot+Res,Grok-3,P7,3229,309,1
OneShot+Res,Grok-3,P7,3229,345,1
OneShot+Res,Grok-3,P7,3229,336,1
OneShot+Res,Grok-3,P7,3229,280,1
OneShot+Res,Grok-3,P8,3229,292,1
OneShot+Res,Grok-3,P8,3229,345,1
OneShot+Res,Grok-3,P8,3229,303,1
OneShot+Res,Grok-3,P8,3229,344,1
OneShot+Res,Grok-3,P8,3229,315,1
OneShot+Res,Grok-3,P9,3229,321,1
OneShot+Res,Grok-3,P9,3229,317,1
OneShot+Res,Grok-3,P9,3229,280,1
OneShot+Res,Grok-3,P9,3229,333,1
OneShot+Res,Grok-3,P9,3229,341,1
OneShot+Res,Grok-3,P10,3229,344,1
OneShot+Res,Grok-3,P10,3229,325,1
OneShot+Res,Grok-3,P10,3229,334,1
OneShot+Res,Grok-3,P10,3229,343,1
OneShot+Res,Grok-3,P10,3229,330,1
OneShot+Res,o4-mini,P1,3160,491,1
OneShot+Res,o4-mini,P1,3160,536,1
OneShot+Res,o4-mini,P1,3160,573,1
OneShot+Res,o4-mini,P1,3160,605,1
OneShot+Res,o4-mini,P1,3160,459,1
OneShot+Res,o4-mini,P2,3160,477,1
OneShot+Res,o4-mini,P2,3160,516,1
OneShot+Res,o4-mini,P2,3160,603,1
OneShot+Res,o4-mini,P2,3160,509,1
OneShot+Res,o4-mini,P2,3160,577,1
OneShot+Res,o4-mini,P3,3160,526,1
OneShot+Res,o4-mini,P3,3160,533,1
OneShot+Res,o4-mini,P3,3160,523,1
OneShot+Res,o4-mini,P3,3160,488,1
OneShot+Res,o4-mini,P3,3160,466,1
OneShot+Res,o4-mini,P4,3160,552,1
OneShot+Res,o4-mini,P4,3160,417,1
OneShot+Res,o4-mini,P4,3160,511,1
OneShot+Res,o4-mini,P4,3160,547,1
OneShot+Res,o4-mini,P4,3160,556,1
OneShot+Res,o4-mini,P5,3160,495,1
OneShot+Res,o4-mini,P5,3160,503,1
OneShot+Res,o4-mini,P5,3160,445,1
OneShot+Res,o4-mini,P5,3160,549,1
OneShot+Res,o4-mini,P5,3160,488,1
OneShot+Res,o4-mini,P6,3160,442,1
OneShot+Res,o4-mini,P6,3160,517,1
OneShot+Res,o4-mini,P6,3160,484,1
OneShot+Res,o4-mini,P6,3160,514,1
OneShot+Res,o4-mini,P6,3160,456,1
OneShot+Res,o4-mini,P7,3160,504,1
OneShot+Res,o4-mini,P7,3160,546,1
OneShot+Res,o4-mini,P7,3160,427,1
OneShot+Res,o4-mini,P7,3160,578,1
OneShot+Res,o4-mini,P7,3160,520,1
OneShot+Res,o4-mini,P8,3160,532,1
OneShot+Res,o4-mini,P8,3160,533,1
OneShot+Res,o4-mini,P8,3160,528,1
OneShot+Res,o4-mini,P8,3160,541,1
OneShot+Res,o4-mini,P8,3160,580,1
OneShot+Res,o4-mini,P9,3160,504,1
OneShot+Res,o4-mini,P9,3160,501,1
OneShot+Res,o4-mini,P9,3160,514,1
OneShot+Res,o4-mini,P9,3160,529,1
OneShot+Res,o4-mini,P9,3160,488,1
OneShot+Res,o4-mini,P10,3160,521,1
OneShot+Res,o4-mini,P10,3160,503,1
OneShot+Res,o4-mini,P10,3160,523,1
OneShot+Res,o4-mini,P10,3160,532,1
OneShot+Res,o4-mini,P10,3160,493,1
PerGentNoRes,Claude-4,P1,3398,1619,6
PerGentNoRes,Claude-4,P1,3188,1567,4
PerGentNoRes,Claude-4,P1,3623,1741,6
PerGentNoRes,Claude-4,P1,3498,1812,6
PerGentNoRes,Claude-4,P1,4189,1602,6
PerGentNoRes,Claude-4,P2,4332,1673,6
PerGentNoRes,Claude-4,P2,3268,1486,6
PerGentNoRes,Claude-4,P2,3879,1603,6
PerGentNoRes,Claude-4,P2,3953,1705,6
PerGentNoRes,Claude-4,P2,3930,1670,6
PerGentNoRes,Claude-4,P3,4160,1387,6
PerGentNoRes,Claude-4,P3,4442,1478,6
PerGentNoRes,Claude-4,P3,3863,1590,6
PerGentNoRes,Claude-4,P3,3437,1772,4
PerGentNoRes,Claude-4,P3,3488,1575,6
PerGentNoRes,Claude-4,P4,3144,1847,6
PerGentNoRes,Claude-4,P4,3677,1668,6
PerGentNoRes,Claude-4,P4,3443,1647,6
PerGentNoRes,Claude-4,P4,4149,1700,4
PerGentNoRes,Claude-4,P4,4104,1874,4
PerGentNoRes,Claude-4,P5,4361,1619,6
PerGentNoRes,Claude-4,P5,3898,1529,6
PerGentNoRes,Claude-4,P5,3777,1652,6
PerGentNoRes,Claude-4,P5,4044,1540,6
PerGentNoRes,Claude-4,P5,3613,1924,6
PerGentNoRes,Claude-4,P6,3224,1641,6
PerGentNoRes,Claude-4,P6,3926,1645,6
PerGentNoRes,Claude-4,P6,4068,1745,6
PerGentNoRes,Claude-4,P6,4117,1634,6
PerGentNoRes,Claude-4,P6,4205,1743,6
PerGentNoRes,Claude-4,P7,3421,1722,4
PerGentNoRes,Claude-4,P7,4108,1511,6
PerGentNoRes,Claude-4,P7,3604,1372,4
PerGentNoRes,Claude-4,P7,3910,1629,6
PerGentNoRes,Claude-4,P7,3313,1581,6
PerGentNoRes,Claude-4,P8,3577,1801,6
PerGentNoRes,Claude-4,P8,3876,1658,6
PerGentNoRes,Claude-4,P8,3748,1762,6
PerGentNoRes,Claude-4,P8,3715,1628,6
PerGentNoRes,Claude-4,P8,3701,1672,6
PerGentNoRes,Claude-4,P9,3839,1644,4
PerGentNoRes,Claude-4,P9,3658,1673,6
PerGentNoRes,Claude-4,P9,4038,1757,6
PerGentNoRes,Claude-4,P9,3945,1737,6
PerGentNoRes,Claude-4,P9,3928,1633,6
PerGentNoRes,Claude-4,P10,3606,1624,6
PerGentNoRes,Claude-4,P10,4079,1765,6
PerGentNoRes,Claude-4,P10,3662,1558,6
PerGentNoRes,Claude-4,P10,3400,1658,6
PerGentNoRes,Claude-4,P10,4119,1727,6
PerGentNoRes,Gemini-2,P1,6075,1082,6
PerGentNoRes,Gemini-2,P1,6057,1057,6
PerGentNoRes,Gemini-2,P1,6331,1122,4
PerGentNoRes,Gemini-2,P1,4709,989,6
PerGentNoRes,Gemini-2,P1,5729,1024,6
PerGentNoRes,Gemini-2,P2,6065,984,6
PerGentNoRes,Gemini-2,P2,6218,1031,6
PerGentNoRes,Gemini-2,P2,5471,951,6
PerGentNoRes,Gemini-2,P2,6276,996,6
PerGentNoRes,Gemini-2,P2,6142,1021,4
PerGentNoRes,Gemini-2,P3,5707,1011,4
PerGentNoRes,Gemini-2,P3,5815,1006,6
PerGentNoRes,Gemini-2,P3,5804,1099,6
PerGentNoRes,Gemini-2,P3,6404,990,6
PerGentNoRes,Gemini-2,P3,5743,1073,6
PerGentNoRes,Gemini-2,P4,6200,941,4
PerGentNoRes,Gemini-2,P4,6402,882,6
PerGentNoRes,Gemini-2,P4,5023,955,6
PerGentNoRes,Gemini-2,P4,6440,1000,4
PerGentNoRes,Gemini-2,P4,5320,1018,4
PerGentNoRes,Gemini-2,P5,6183,858,4
PerGentNoRes,Gemini-2,P5,6164,972,6
PerGentNoRes,Gemini-2,P5,5920,954,6
PerGentNoRes,Gemini-2,P5,6254,1098,4
PerGentNoRes,Gemini-2,P5,5530,1020,6
PerGentNoRes,Gemini-2,P6,5404,955,6
PerGentNoRes,Gemini-2,P6,6034,1087,6
PerGentNoRes,Gemini-2,P6,5975,1022,4
PerGentNoRes,Gemini-2,P6,6592,780,4
PerGentNoRes,Gemini-2,P6,5844,1058,6
PerGentNoRes,Gemini-2,P7,6015,1072,6
PerGentNoRes,Gemini-2,P7,6122,958,6
PerGentNoRes,Gemini-2,P7,5679,953,6
PerGentNoRes,Gemini-2,P7,6272,903,4
PerGentNoRes,Gemini-2,P7,5425,999,6
PerGentNoRes,Gemini-2,P8,6374,943,6
PerGentNoRes,Gemini-2,P8,5606,1115,6
PerGentNoRes,Gemini-2,P8,6115,1203,6
PerGentNoRes,Gemini-2,P8,6359,932,6
PerGentNoRes,Gemini-2,P8,5894,1030,6
PerGentNoRes,Gemini-2,P9,6242,1114,6
PerGentNoRes,Gemini-2,P9,5393,1031,6
PerGentNoRes,Gemini-2,P9,5259,974,6
PerGentNoRes,Gemini-2,P9,6395,947,4
PerGentNoRes,Gemini-2,P9,6135,1047,6
PerGentNoRes,Gemini-2,P10,5408,909,4
PerGentNoRes,Gemini-2,P10,5390,1027,6
PerGentNoRes,Gemini-2,P10,5414,960,4
PerGentNoRes,Gemini-2,P10,6173,969,4
PerGentNoRes,Gemini-2,P10,6089,1093,6
PerGentNoRes,Gemini-3,P1,7058,1577,4
PerGentNoRes,Gemini-3,P1,9113,1720,6
PerGentNoRes,Gemini-3,P1,9475,1699,4
PerGentNoRes,Gemini-3,P1,6527,1842,6
PerGentNoRes,Gemini-3,P1,8481,1893,6
PerGentNoRes,Gemini-3,P2,9493,1743,4
PerGentNoRes,Gemini-3,P2,9999,1720,6
PerGentNoRes,Gemini-3,P2,8997,1821,4
PerGentNoRes,Gemini-3,P2,8609,1834,6
PerGentNoRes,Gemini-3,P2,8206,1265,6
PerGentNoRes,Gemini-3,P3,7686,1746,4
PerGentNoRes,Gemini-3,P3,8266,1470,6
PerGentNoRes,Gemini-3,P3,8591,1807,4
PerGentNoRes,Gemini-3,P3,8529,1765,4
PerGentNoRes,Gemini-3,P3,8767,1808,6
PerGentNoRes,Gemini-3,P4,8134,1783,4
PerGentNoRes,Gemini-3,P4,9825,1805,6
PerGentNoRes,Gemini-3,P4,7718,1849,6
PerGentNoRes,Gemini-3,P4,9950,1775,6
PerGentNoRes,Gemini-3,P4,7509,1824,6
PerGentNoRes,Gemini-3,P5,7169,1565,6
PerGentNoRes,Gemini-3,P5,9080,1695,4
PerGentNoRes,Gemini-3,P5,7180,1835,6
PerGentNoRes,Gemini-3,P5,8377,1897,6
PerGentNoRes,Gemini-3,P5,8761,1852,6
PerGentNoRes,Gemini-3,P6,8969,1788,4
PerGentNoRes,Gemini-3,P6,8545,1610,4
PerGentNoRes,Gemini-3,P6,8656,1639,4
PerGentNoRes,Gemini-3,P6,9160,1697,6
PerGentNoRes,Gemini-3,P6,8418,1855,4
PerGentNoRes,Gemini-3,P7,7300,1906,6
PerGentNoRes,Gemini-3,P7,9815,1625,4
PerGentNoRes,Gemini-3,P7,8267,1953,4
PerGentNoRes,Gemini-3,P7,8596,2025,4
PerGentNoRes,Gemini-3,P7,9043,1809,4
PerGentNoRes,Gemini-3,P8,8920,1598,6
PerGentNoRes,Gemini-3,P8,8631,1571,4
PerGentNoRes,Gemini-3,P8,8904,1635,4
PerGentNoRes,Gemini-3,P8,9122,1715,6
PerGentNoRes,Gemini-3,P8,9705,1834,4
PerGentNoRes,Gemini-3,P9,9720,1494,6
PerGentNoRes,Gemini-3,P9,7712,1817,4
PerGentNoRes,Gemini-3,P9,8565,1823,6
PerGentNoRes,Gemini-3,P9,9225,1996,4
PerGentNoRes,Gemini-3,P9,9116,1736,6
PerGentNoRes,Gemini-3,P10,8603,1624,4
PerGentNoRes,Gemini-3,P10,8115,1655,6
PerGentNoRes,Gemini-3,P10,8747,1711,4
PerGentNoRes,Gemini-3,P10,9522,1488,6
PerGentNoRes,Gemini-3,P10,8584,1761,4
PerGentNoRes,GPT-4o,P1,5325,889,4
PerGentNoRes,GPT-4o,P1,5926,888,4
PerGentNoRes,GPT-4o,P1,6033,764,4
PerGentNoRes,GPT-4o,P1,5711,971,2
PerGentNoRes,GPT-4o,P1,5634,814,4
PerGentNoRes,GPT-4o,P2,5864,1075,2
PerGentNoRes,GPT-4o,P2,5861,1016,4
PerGentNoRes,GPT-4o,P2,5103,844,4
PerGentNoRes,GPT-4o,P2,5937,966,4
PerGentNoRes,GPT-4o,P2,5569,869,2
PerGentNoRes,GPT-4o,P3,6359,935,4
PerGentNoRes,GPT-4o,P3,4691,1050,4
PerGentNoRes,GPT-4o,P3,6077,970,4
PerGentNoRes,GPT-4o,P3,5276,1004,4
PerGentNoRes,GPT-4o,P3,5587,993,4
PerGentNoRes,GPT-4o,P4,5774,999,4
PerGentNoRes,GPT-4o,P4,5672,1008,4
PerGentNoRes,GPT-4o,P4,6569,1011,2
PerGentNoRes,GPT-4o,P4,6269,988,4
PerGentNoRes,GPT-4o,P4,6029,949,4
PerGentNoRes,GPT-4o,P5,6234,1046,2
PerGentNoRes,GPT-4o,P5,5191,956,4
PerGentNoRes,GPT-4o,P5,5610,917,4
PerGentNoRes,GPT-4o,P5,5994,973,4
PerGentNoRes,GPT-4o,P5,5654,889,4
PerGentNoRes,GPT-4o,P6,5814,804,4
PerGentNoRes,GPT-4o,P6,6621,983,4
PerGentNoRes,GPT-4o,P6,5523,984,4
PerGentNoRes,GPT-4o,P6,5839,977,4
PerGentNoRes,GPT-4o,P6,5221,1023,2
PerGentNoRes,GPT-4o,P7,5138,1015,2
PerGentNoRes,GPT-4o,P7,5485,916,2
PerGentNoRes,GPT-4o,P7,5340,951,4
PerGentNoRes,GPT-4o,P7,5441,964,4
PerGentNoRes,GPT-4o,P7,4602,1053,4
PerGentNoRes,GPT-4o,P8,6150,1082,4
PerGentNoRes,GPT-4o,P8,6200,963,4
PerGentNoRes,GPT-4o,P8,6290,988,4
PerGentNoRes,GPT-4o,P8,5388,1086,4
PerGentNoRes,GPT-4o,P8,5546,1102,4
PerGentNoRes,GPT-4o,P9,5999,1063,4
PerGentNoRes,GPT-4o,P9,5749,974,2
PerGentNoRes,GPT-4o,P9,6021,1004,4
PerGentNoRes,GPT-4o,P9,4915,934,4
PerGentNoRes,GPT-4o,P9,5831,916,4
PerGentNoRes,GPT-4o,P10,5683,923,2
PerGentNoRes,GPT-4o,P10,5641,1121,2
PerGentNoRes,GPT-4o,P10,5678,1101,4
PerGentNoRes,GPT-4o,P10,6274,1053,4
PerGentNoRes,GPT-4o,P10,4392,1041,2
PerGentNoRes,GPT-5.2,P1,13682,2222,4
PerGentNoRes,GPT-5.2,P1,14470,2074,4
PerGentNoRes,GPT-5.2,P1,12622,2111,6
PerGentNoRes,GPT-5.2,P1,12395,1988,4
PerGentNoRes,GPT-5.2,P1,13547,1849,6
PerGentNoRes,GPT-5.2,P2,13593,2470,4
PerGentNoRes,GPT-5.2,P2,12858,2230,4
PerGentNoRes,GPT-5.2,P2,15094,2225,6
PerGentNoRes,GPT-5.2,P2,13194,2576,4
PerGentNoRes,GPT-5.2,P2,12764,1979,6
PerGentNoRes,GPT-5.2,P3,13159,2423,4
PerGentNoRes,GPT-5.2,P3,14164,2321,4
PerGentNoRes,GPT-5.2,P3,11851,2130,4
PerGentNoRes,GPT-5.2,P3,15724,2127,4
PerGentNoRes,GPT-5.2,P3,11897,2444,4
PerGentNoRes,GPT-5.2,P4,14265,2305,4
PerGentNoRes,GPT-5.2,P4,14736,2251,6
PerGentNoRes,GPT-5.2,P4,11733,2354,6
PerGentNoRes,GPT-5.2,P4,12261,2237,4
PerGentNoRes,GPT-5.2,P4,13065,2464,6
PerGentNoRes,GPT-5.2,P5,12962,2400,4
PerGentNoRes,GPT-5.2,P5,14034,2201,4
PerGentNoRes,GPT-5.2,P5,13748,1991,4
PerGentNoRes,GPT-5.2,P5,14428,2434,4
PerGentNoRes,GPT-5.2,P5,13608,2410,6
PerGentNoRes,GPT-5.2,P6,12434,2406,4
PerGentNoRes,GPT-5.2,P6,13906,2242,4
PerGentNoRes,GPT-5.2,P6,13039,1924,4
PerGentNoRes,GPT-5.2,P6,12961,1897,4
PerGentNoRes,GPT-5.2,P6,14059,2105,4
PerGentNoRes,GPT-5.2,P7,12584,1965,4
PerGentNoRes,GPT-5.2,P7,13395,1933,4
PerGentNoRes,GPT-5.2,P7,13193,2197,4
PerGentNoRes,GPT-5.2,P7,13495,2123,6
PerGentNoRes,GPT-5.2,P7,11798,2211,4
PerGentNoRes,GPT-5.2,P8,13411,2274,4
PerGentNoRes,GPT-5.2,P8,13496,2032,4
PerGentNoRes,GPT-5.2,P8,11763,2363,6
PerGentNoRes,GPT-5.2,P8,12389,2094,4
PerGentNoRes,GPT-5.2,P8,13741,2331,4
PerGentNoRes,GPT-5.2,P9,14542,2156,4
PerGentNoRes,GPT-5.2,P9,15057,2490,4
PerGentNoRes,GPT-5.2,P9,12426,1848,4
PerGentNoRes,GPT-5.2,P9,14530,2461,4
PerGentNoRes,GPT-5.2,P9,13308,2069,4
PerGentNoRes,GPT-5.2,P10,12140,2131,4
PerGentNoRes,GPT-5.2,P10,12877,2152,4
PerGentNoRes,GPT-5.2,P10,13805,2336,6
PerGentNoRes,GPT-5.2,P10,13460,2040,6
PerGentNoRes,GPT-5.2,P10,12242,2284,4
PerGentNoRes,Grok-3,P1,8774,1823,6
PerGentNoRes,Grok-3,P1,9942,1441,6
PerGentNoRes,Grok-3,P1,8048,1476,6
PerGentNoRes,Grok-3,P1,8691,1602,6
PerGentNoRes,Grok-3,P1,7845,1703,6
PerGentNoRes,Grok-3,P2,10355,1721,6
PerGentNoRes,Grok-3,P2,9723,1590,6
PerGentNoRes,Grok-3,P2,7915,1835,6
PerGentNoRes,Grok-3,P2,8755,1784,6
PerGentNoRes,Grok-3,P2,9672,1597,6
PerGentNoRes,Grok-3,P3,10135,1515,6
PerGentNoRes,Grok-3,P3,8371,1606,6
PerGentNoRes,Grok-3,P3,8031,1806,6
PerGentNoRes,Grok-3,P3,9248,1634,6
PerGentNoRes,Grok-3,P3,9605,1536,6
PerGentNoRes,Grok-3,P4,9324,1724,6
PerGentNoRes,Grok-3,P4,8854,1549,6
PerGentNoRes,Grok-3,P4,8479,1566,6
PerGentNoRes,Grok-3,P4,9557,1603,6
PerGentNoRes,Grok-3,P4,9175,1580,6
PerGentNoRes,Grok-3,P5,9642,1665,6
PerGentNoRes,Grok-3,P5,8405,1721,6
PerGentNoRes,Grok-3,P5,7618,1559,6
PerGentNoRes,Grok-3,P5,8563,1757,6
PerGentNoRes,Grok-3,P5,8745,1542,6
PerGentNoRes,Grok-3,P6,8745,1584,6
PerGentNoRes,Grok-3,P6,9301,1493,6
PerGentNoRes,Grok-3,P6,9090,1791,6
PerGentNoRes,Grok-3,P6,8834,1707,6
PerGentNoRes,Grok-3,P6,7733,1513,6
PerGentNoRes,Grok-3,P7,8044,1548,6
PerGentNoRes,Grok-3,P7,7707,1756,6
PerGentNoRes,Grok-3,P7,9064,1481,6
PerGentNoRes,Grok-3,P7,9345,1556,6
PerGentNoRes,Grok-3,P7,9226,1634,6
PerGentNoRes,Grok-3,P8,9590,1716,6
PerGentNoRes,Grok-3,P8,9717,1804,8
PerGentNoRes,Grok-3,P8,8739,1661,6
PerGentNoRes,Grok-3,P8,8696,1831,6
PerGentNoRes,Grok-3,P8,8734,1757,6
PerGentNoRes,Grok-3,P9,8192,1512,6
PerGentNoRes,Grok-3,P9,8676,1644,6
PerGentNoRes,Grok-3,P9,7651,1638,6
PerGentNoRes,Grok-3,P9,8894,1677,6
PerGentNoRes,Grok-3,P9,9009,1744,6
PerGentNoRes,Grok-3,P10,8982,1933,6
PerGentNoRes,Grok-3,P10,10517,1767,6
PerGentNoRes,Grok-3,P10,8488,1837,6
PerGentNoRes,Grok-3,P10,10086,1643,8
PerGentNoRes,Grok-3,P10,9448,1653,6
PerGentNoRes,o4-mini,P1,10704,1788,6
PerGentNoRes,o4-mini,P1,11764,1834,6
PerGentNoRes,o4-mini,P1,11667,1885,6
PerGentNoRes,o4-mini,P1,9805,2090,6
PerGentNoRes,o4-mini,P1,11013,2153,4
PerGentNoRes,o4-mini,P2,11029,1956,6
PerGentNoRes,o4-mini,P2,12416,1955,4
PerGentNoRes,o4-mini,P2,11304,2052,6
PerGentNoRes,o4-mini,P2,9821,1962,6
PerGentNoRes,o4-mini,P2,11697,1916,6
PerGentNoRes,o4-mini,P3,12488,2130,6
PerGentNoRes,o4-mini,P3,11467,2176,6
PerGentNoRes,o4-mini,P3,12270,2076,6
PerGentNoRes,o4-mini,P3,11066,2205,6
PerGentNoRes,o4-mini,P3,11503,2023,6
PerGentNoRes,o4-mini,P4,11305,1717,4
PerGentNoRes,o4-mini,P4,11823,2003,6
PerGentNoRes,o4-mini,P4,9469,1947,6
PerGentNoRes,o4-mini,P4,10958,2163,6
PerGentNoRes,o4-mini,P4,10518,2092,6
PerGentNoRes,o4-mini,P5,10616,2181,6
PerGentNoRes,o4-mini,P5,10242,2196,4
PerGentNoRes,o4-mini,P5,12018,2087,6
PerGentNoRes,o4-mini,P5,10873,1877,4
PerGentNoRes,o4-mini,P5,10593,2308,6
PerGentNoRes,o4-mini,P6,9835,2034,4
PerGentNoRes,o4-mini,P6,12322,2160,6
PerGentNoRes,o4-mini,P6,10437,1735,6
PerGentNoRes,o4-mini,P6,11655,2189,4
PerGentNoRes,o4-mini,P6,10909,1759,6
PerGentNoRes,o4-mini,P7,12000,2201,6
PerGentNoRes,o4-mini,P7,11387,2057,6
PerGentNoRes,o4-mini,P7,11929,2035,6
PerGentNoRes,o4-mini,P7,10499,1937,6
PerGentNoRes,o4-mini,P7,11465,1960,6
PerGentNoRes,o4-mini,P8,12164,1737,6
PerGentNoRes,o4-mini,P8,10738,2134,4
PerGentNoRes,o4-mini,P8,11882,1961,4
PerGentNoRes,o4-mini,P8,11118,1879,6
PerGentNoRes,o4-mini,P8,10421,1872,6
PerGentNoRes,o4-mini,P9,11437,2219,4
PerGentNoRes,o4-mini,P9,11537,2086,6
PerGentNoRes,o4-mini,P9,12406,1996,4
PerGentNoRes,o4-mini,P9,11486,2293,4
PerGentNoRes,o4-mini,P9,10492,2017,6
PerGentNoRes,o4-mini,P10,10135,1908,6
PerGentNoRes,o4-mini,P10,12495,1828,6
PerGentNoRes,o4-mini,P10,11340,2160,6
PerGentNoRes,o4-mini,P10,11396,1774,6
PerGentNoRes,o4-mini,P10,11441,2242,6
PerGentsc,Claude-4,P1,6956,508,4
PerGentsc,Claude-4,P1,6246,646,4
PerGentsc,Claude-4,P1,6680,651,4
PerGentsc,Claude-4,P1,6412,683,4
PerGentsc,Claude-4,P1,6600,545,4
PerGentsc,Claude-4,P2,6141,594,4
PerGentsc,Claude-4,P2,6639,665,4
PerGentsc,Claude-4,P2,7059,673,4
PerGentsc,Claude-4,P2,6568,604,4
PerGentsc,Claude-4,P2,5921,621,4
PerGentsc,Claude-4,P3,8014,618,4
PerGentsc,Claude-4,P3,6248,722,4
PerGentsc,Claude-4,P3,5905,650,4
PerGentsc,Claude-4,P3,6854,728,4
PerGentsc,Claude-4,P3,6533,653,4
PerGentsc,Claude-4,P4,6897,742,4
PerGentsc,Claude-4,P4,6421,597,4
PerGentsc,Claude-4,P4,7120,592,4
PerGentsc,Claude-4,P4,6920,662,4
PerGentsc,Claude-4,P4,7220,576,4
PerGentsc,Claude-4,P5,6929,640,4
PerGentsc,Claude-4,P5,7174,588,4
PerGentsc,Claude-4,P5,7456,661,4
PerGentsc,Claude-4,P5,6914,636,4
PerGentsc,Claude-4,P5,6756,683,4
PerGentsc,Claude-4,P6,6336,630,4
PerGentsc,Claude-4,P6,6916,650,4
PerGentsc,Claude-4,P6,7462,699,6
PerGentsc,Claude-4,P6,5902,703,4
PerGentsc,Claude-4,P6,6138,580,4
PerGentsc,Claude-4,P7,7307,635,6
PerGentsc,Claude-4,P7,6956,625,4
PerGentsc,Claude-4,P7,6870,606,4
PerGentsc,Claude-4,P7,6533,655,6
PerGentsc,Claude-4,P7,6335,688,6
PerGentsc,Claude-4,P8,5802,608,4
PerGentsc,Claude-4,P8,6825,730,6
PerGentsc,Claude-4,P8,6604,616,4
PerGentsc,Claude-4,P8,5873,713,4
PerGentsc,Claude-4,P8,6174,639,4
PerGentsc,Claude-4,P9,6930,634,4
PerGentsc,Claude-4,P9,5567,647,4
PerGentsc,Claude-4,P9,6699,652,4
PerGentsc,Claude-4,P9,6512,719,6
PerGentsc,Claude-4,P9,7018,652,4
PerGentsc,Claude-4,P10,6582,697,4
PerGentsc,Claude-4,P10,6437,591,6
PerGentsc,Claude-4,P10,6624,712,4
PerGentsc,Claude-4,P10,6344,663,4
PerGentsc,Claude-4,P10,7196,613,4
PerGentsc,Gemini-2,P1,8086,1225,4
PerGentsc,Gemini-2,P1,9370,1217,4
PerGentsc,Gemini-2,P1,9291,1273,6
PerGentsc,Gemini-2,P1,9233,1312,6
PerGentsc,Gemini-2,P1,9136,1219,4
PerGentsc,Gemini-2,P2,10482,1229,4
PerGentsc,Gemini-2,P2,9883,1275,6
PerGentsc,Gemini-2,P2,10698,1277,4
PerGentsc,Gemini-2,P2,8721,1237,6
PerGentsc,Gemini-2,P2,8551,1311,6
PerGentsc,Gemini-2,P3,8262,1456,6
PerGentsc,Gemini-2,P3,9354,1178,6
PerGentsc,Gemini-2,P3,9832,1093,6
PerGentsc,Gemini-2,P3,8786,1271,6
PerGentsc,Gemini-2,P3,9977,1179,4
PerGentsc,Gemini-2,P4,8214,1285,6
PerGentsc,Gemini-2,P4,9887,1098,4
PerGentsc,Gemini-2,P4,9412,1247,6
PerGentsc,Gemini-2,P4,10166,1311,4
PerGentsc,Gemini-2,P4,8222,1176,6
PerGentsc,Gemini-2,P5,8797,1322,4
PerGentsc,Gemini-2,P5,9675,1195,4
PerGentsc,Gemini-2,P5,8867,1163,4
PerGentsc,Gemini-2,P5,8487,1030,4
PerGentsc,Gemini-2,P5,10276,1261,4
PerGentsc,Gemini-2,P6,8300,1397,6
PerGentsc,Gemini-2,P6,8890,1029,4
PerGentsc,Gemini-2,P6,9447,1241,6
PerGentsc,Gemini-2,P6,8470,1244,4
PerGentsc,Gemini-2,P6,8170,1421,4
PerGentsc,Gemini-2,P7,10628,1182,4
PerGentsc,Gemini-2,P7,9652,1377,6
PerGentsc,Gemini-2,P7,8898,1433,4
PerGentsc,Gemini-2,P7,9978,1210,6
PerGentsc,Gemini-2,P7,9623,1415,6
PerGentsc,Gemini-2,P8,8300,1346,6
PerGentsc,Gemini-2,P8,7962,1358,4
PerGentsc,Gemini-2,P8,8658,1191,6
PerGentsc,Gemini-2,P8,8378,1157,4
PerGentsc,Gemini-2,P8,9455,1245,4
PerGentsc,Gemini-2,P9,8664,1167,6
PerGentsc,Gemini-2,P9,8220,1348,6
PerGentsc,Gemini-2,P9,8170,1284,4
PerGentsc,Gemini-2,P9,8743,1202,4
PerGentsc,Gemini-2,P9,9290,1282,4
PerGentsc,Gemini-2,P10,9487,1339,6
PerGentsc,Gemini-2,P10,9292,1151,4
PerGentsc,Gemini-2,P10,9840,1181,4
PerGentsc,Gemini-2,P10,8673,1230,4
PerGentsc,Gemini-2,P10,8407,1205,4
PerGentsc,Gemini-3,P1,14654,1600,4
PerGentsc,Gemini-3,P1,11929,1845,4
PerGentsc,Gemini-3,P1,13424,1877,4
PerGentsc,Gemini-3,P1,11628,1810,4
PerGentsc,Gemini-3,P1,12484,1770,4
PerGentsc,Gemini-3,P2,15034,1896,4
PerGentsc,Gemini-3,P2,14236,1669,4
PerGentsc,Gemini-3,P2,14067,1489,4
PerGentsc,Gemini-3,P2,13624,1708,4
PerGentsc,Gemini-3,P2,14140,1977,4
PerGentsc,Gemini-3,P3,13851,1748,4
PerGentsc,Gemini-3,P3,11173,1632,6
PerGentsc,Gemini-3,P3,13930,1791,4
PerGentsc,Gemini-3,P3,14499,1750,4
PerGentsc,Gemini-3,P3,12760,1784,6
PerGentsc,Gemini-3,P4,12927,1708,4
PerGentsc,Gemini-3,P4,12961,1807,4
PerGentsc,Gemini-3,P4,12874,1673,4
PerGentsc,Gemini-3,P4,12335,1850,4
PerGentsc,Gemini-3,P4,12864,1903,6
PerGentsc,Gemini-3,P5,11421,1891,4
PerGentsc,Gemini-3,P5,13983,1869,4
PerGentsc,Gemini-3,P5,12546,1723,4
PerGentsc,Gemini-3,P5,12556,1867,4
PerGentsc,Gemini-3,P5,14211,1821,4
PerGentsc,Gemini-3,P6,13186,1801,4
PerGentsc,Gemini-3,P6,13628,1939,6
PerGentsc,Gemini-3,P6,12184,1923,4
PerGentsc,Gemini-3,P6,12979,1746,4
PerGentsc,Gemini-3,P6,12543,1726,4
PerGentsc,Gemini-3,P7,11288,2004,4
PerGentsc,Gemini-3,P7,13387,1849,4
PerGentsc,Gemini-3,P7,14401,1988,4
PerGentsc,Gemini-3,P7,12422,1617,4
PerGentsc,Gemini-3,P7,13916,1643,6
PerGentsc,Gemini-3,P8,14340,1823,4
PerGentsc,Gemini-3,P8,13236,1655,4
PerGentsc,Gemini-3,P8,11655,1794,4
PerGentsc,Gemini-3,P8,13314,1947,4
PerGentsc,Gemini-3,P8,14770,1926,4
PerGentsc,Gemini-3,P9,12712,1782,4
PerGentsc,Gemini-3,P9,11666,1817,4
PerGentsc,Gemini-3,P9,12267,1642,4
PerGentsc,Gemini-3,P9,12741,1628,4
PerGentsc,Gemini-3,P9,14986,1813,4
PerGentsc,Gemini-3,P10,12086,1905,4
PerGentsc,Gemini-3,P10,11960,1935,4
PerGentsc,Gemini-3,P10,13239,1961,4
PerGentsc,Gemini-3,P10,10921,1969,4
PerGentsc,Gemini-3,P10,13272,1944,4
PerGentsc,GPT-4o,P1,8624,937,4
PerGentsc,GPT-4o,P1,8540,935,4
PerGentsc,GPT-4o,P1,8096,1032,4
PerGentsc,GPT-4o,P1,9227,1038,4
PerGentsc,GPT-4o,P1,7692,1055,4
PerGentsc,GPT-4o,P2,9398,976,4
PerGentsc,GPT-4o,P2,7729,976,4
PerGentsc,GPT-4o,P2,7399,972,4
PerGentsc,GPT-4o,P2,10341,1115,4
PerGentsc,GPT-4o,P2,8092,937,4
PerGentsc,GPT-4o,P3,7733,978,4
PerGentsc,GPT-4o,P3,9006,942,4
PerGentsc,GPT-4o,P3,8541,1132,4
PerGentsc,GPT-4o,P3,9410,1130,4
PerGentsc,GPT-4o,P3,9048,1031,4
PerGentsc,GPT-4o,P4,7759,1100,4
PerGentsc,GPT-4o,P4,9308,1052,2
PerGentsc,GPT-4o,P4,8262,996,4
PerGentsc,GPT-4o,P4,8681,1071,4
PerGentsc,GPT-4o,P4,8549,871,4
PerGentsc,GPT-4o,P5,8234,1037,4
PerGentsc,GPT-4o,P5,10359,873,4
PerGentsc,GPT-4o,P5,8030,967,4
PerGentsc,GPT-4o,P5,8756,968,2
PerGentsc,GPT-4o,P5,8156,1013,4
PerGentsc,GPT-4o,P6,8380,912,4
PerGentsc,GPT-4o,P6,8207,1140,4
PerGentsc,GPT-4o,P6,9322,1003,2
PerGentsc,GPT-4o,P6,8839,1095,4
PerGentsc,GPT-4o,P6,8302,852,4
PerGentsc,GPT-4o,P7,8524,860,4
PerGentsc,GPT-4o,P7,9060,977,4
PerGentsc,GPT-4o,P7,8095,993,4
PerGentsc,GPT-4o,P7,7673,1118,4
PerGentsc,GPT-4o,P7,8839,1128,2
PerGentsc,GPT-4o,P8,8840,1035,4
PerGentsc,GPT-4o,P8,8520,1038,4
PerGentsc,GPT-4o,P8,9222,1102,4
PerGentsc,GPT-4o,P8,8404,953,4
PerGentsc,GPT-4o,P8,8287,912,4
PerGentsc,GPT-4o,P9,7867,986,4
PerGentsc,GPT-4o,P9,8174,1036,2
PerGentsc,GPT-4o,P9,9093,858,4
PerGentsc,GPT-4o,P9,9199,877,2
PerGentsc,GPT-4o,P9,9336,1039,4
PerGentsc,GPT-4o,P10,9031,987,4
PerGentsc,GPT-4o,P10,8118,904,4
PerGentsc,GPT-4o,P10,8611,1028,4
PerGentsc,GPT-4o,P10,7594,770,2
PerGentsc,GPT-4o,P10,8578,948,4
PerGentsc,GPT-5.2,P1,13558,2419,6
PerGentsc,GPT-5.2,P1,13297,2463,4
PerGentsc,GPT-5.2,P1,12986,2556,6
PerGentsc,GPT-5.2,P1,13673,2569,4
PerGentsc,GPT-5.2,P1,13919,2273,4
PerGentsc,GPT-5.2,P2,13046,2282,4
PerGentsc,GPT-5.2,P2,16813,2497,4
PerGentsc,GPT-5.2,P2,15724,2804,4
PerGentsc,GPT-5.2,P2,15261,2871,4
PerGentsc,GPT-5.2,P2,13035,2538,6
PerGentsc,GPT-5.2,P3,14085,2568,6
PerGentsc,GPT-5.2,P3,16812,2447,4
PerGentsc,GPT-5.2,P3,16251,2419,4
PerGentsc,GPT-5.2,P3,14704,2408,6
PerGentsc,GPT-5.2,P3,13364,2188,4
PerGentsc,GPT-5.2,P4,15269,2593,4
PerGentsc,GPT-5.2,P4,14478,2650,4
PerGentsc,GPT-5.2,P4,14890,2601,4
PerGentsc,GPT-5.2,P4,15097,2578,4
PerGentsc,GPT-5.2,P4,12632,2742,4
PerGentsc,GPT-5.2,P5,16167,2154,4
PerGentsc,GPT-5.2,P5,14535,2151,6
PerGentsc,GPT-5.2,P5,13399,2717,4
PerGentsc,GPT-5.2,P5,14991,2438,6
PerGentsc,GPT-5.2,P5,14183,2765,4
PerGentsc,GPT-5.2,P6,15207,2425,4
PerGentsc,GPT-5.2,P6,14426,2463,4
PerGentsc,GPT-5.2,P6,14677,2281,4
PerGentsc,GPT-5.2,P6,16757,2347,4
PerGentsc,GPT-5.2,P6,14924,2375,6
PerGentsc,GPT-5.2,P7,15392,2697,4
PerGentsc,GPT-5.2,P7,14958,2481,4
PerGentsc,GPT-5.2,P7,14421,2690,4
PerGentsc,GPT-5.2,P7,15512,2627,4
PerGentsc,GPT-5.2,P7,14259,2843,4
PerGentsc,GPT-5.2,P8,13116,2530,4
PerGentsc,GPT-5.2,P8,14595,2417,4
PerGentsc,GPT-5.2,P8,15408,2611,4
PerGentsc,GPT-5.2,P8,14438,2399,4
PerGentsc,GPT-5.2,P8,14387,2440,4
PerGentsc,GPT-5.2,P9,16118,2485,4
PerGentsc,GPT-5.2,P9,15588,2356,6
PerGentsc,GPT-5.2,P9,15356,2315,4
PerGentsc,GPT-5.2,P9,13573,2580,4
PerGentsc,GPT-5.2,P9,15089,2352,4
PerGentsc,GPT-5.2,P10,16087,2035,6
PerGentsc,GPT-5.2,P10,13905,2810,4
PerGentsc,GPT-5.2,P10,13731,2475,4
PerGentsc,GPT-5.2,P10,12231,2517,4
PerGentsc,GPT-5.2,P10,13751,2503,4
PerGentsc,Grok-3,P1,11838,2091,6
PerGentsc,Grok-3,P1,11497,2180,6
PerGentsc,Grok-3,P1,11463,2084,6
PerGentsc,Grok-3,P1,11127,2029,6
PerGentsc,Grok-3,P1,11710,2301,4
PerGentsc,Grok-3,P2,9977,2228,6
PerGentsc,Grok-3,P2,10154,2372,6
PerGentsc,Grok-3,P2,10962,2255,6
PerGentsc,Grok-3,P2,10646,2232,6
PerGentsc,Grok-3,P2,12678,1841,6
PerGentsc,Grok-3,P3,10827,1986,6
PerGentsc,Grok-3,P3,12362,2162,6
PerGentsc,Grok-3,P3,11371,1939,6
PerGentsc,Grok-3,P3,12694,2248,4
PerGentsc,Grok-3,P3,10371,2089,6
PerGentsc,Grok-3,P4,11453,2360,4
PerGentsc,Grok-3,P4,9897,2230,6
PerGentsc,Grok-3,P4,10511,2140,6
PerGentsc,Grok-3,P4,10395,1783,6
PerGentsc,Grok-3,P4,11482,2121,6
PerGentsc,Grok-3,P5,11645,2238,6
PerGentsc,Grok-3,P5,10382,2243,6
PerGentsc,Grok-3,P5,9625,1924,6
PerGentsc,Grok-3,P5,10275,2179,6
PerGentsc,Grok-3,P5,10612,1852,6
PerGentsc,Grok-3,P6,11564,2120,6
PerGentsc,Grok-3,P6,11796,2101,6
PerGentsc,Grok-3,P6,12378,2285,4
PerGentsc,Grok-3,P6,10450,2188,6
PerGentsc,Grok-3,P6,12106,2119,6
PerGentsc,Grok-3,P7,10418,2299,6
PerGentsc,Grok-3,P7,10611,2274,4
PerGentsc,Grok-3,P7,9087,2205,6
PerGentsc,Grok-3,P7,10626,2248,6
PerGentsc,Grok-3,P7,10948,2276,6
PerGentsc,Grok-3,P8,12418,2180,6
PerGentsc,Grok-3,P8,10648,2005,6
PerGentsc,Grok-3,P8,11869,2216,6
PerGentsc,Grok-3,P8,12142,2268,6
PerGentsc,Grok-3,P8,10453,2205,6
PerGentsc,Grok-3,P9,11153,2388,6
PerGentsc,Grok-3,P9,10493,2122,6
PerGentsc,Grok-3,P9,9711,2271,6
PerGentsc,Grok-3,P9,11224,2263,6
PerGentsc,Grok-3,P9,11763,2171,6
PerGentsc,Grok-3,P10,11974,1914,6
PerGentsc,Grok-3,P10,11139,2239,6
PerGentsc,Grok-3,P10,11155,2412,6
PerGentsc,Grok-3,P10,11428,1914,6
PerGentsc,Grok-3,P10,11062,2295,6
PerGentsc,o4-mini,P1,14200,2179,6
PerGentsc,o4-mini,P1,14393,2104,6
PerGentsc,o4-mini,P1,14900,2105,6
PerGentsc,o4-mini,P1,10861,2101,6
PerGentsc,o4-mini,P1,12798,2444,6
PerGentsc,o4-mini,P2,13076,2315,6
PerGentsc,o4-mini,P2,13089,1821,6
PerGentsc,o4-mini,P2,13987,2246,6
PerGentsc,o4-mini,P2,13195,1951,6
PerGentsc,o4-mini,P2,15079,2146,6
PerGentsc,o4-mini,P3,13297,2356,8
PerGentsc,o4-mini,P3,14763,2096,6
PerGentsc,o4-mini,P3,13766,2297,6
PerGentsc,o4-mini,P3,12846,2454,6
PerGentsc,o4-mini,P3,15606,2052,6
PerGentsc,o4-mini,P4,14384,2380,6
PerGentsc,o4-mini,P4,14411,2263,6
PerGentsc,o4-mini,P4,13625,2443,6
PerGentsc,o4-mini,P4,14143,2116,6
PerGentsc,o4-mini,P4,13031,2044,6
PerGentsc,o4-mini,P5,12836,2187,6
PerGentsc,o4-mini,P5,13812,2422,6
PerGentsc,o4-mini,P5,12766,1938,6
PerGentsc,o4-mini,P5,14664,2319,6
PerGentsc,o4-mini,P5,14886,2396,6
PerGentsc,o4-mini,P6,13113,2301,6
PerGentsc,o4-mini,P6,15191,2259,6
PerGentsc,o4-mini,P6,12773,2294,6
PerGentsc,o4-mini,P6,11783,2036,6
PerGentsc,o4-mini,P6,12763,1842,6
PerGentsc,o4-mini,P7,14612,1847,6
PerGentsc,o4-mini,P7,12408,2529,6
PerGentsc,o4-mini,P7,12029,2257,6
PerGentsc,o4-mini,P7,14151,1879,8
PerGentsc,o4-mini,P7,13664,2200,6
PerGentsc,o4-mini,P8,13891,2423,6
PerGentsc,o4-mini,P8,13514,1862,6
PerGentsc,o4-mini,P8,13189,1959,6
PerGentsc,o4-mini,P8,14446,2323,6
PerGentsc,o4-mini,P8,13273,2130,6
PerGentsc,o4-mini,P9,13524,2262,6
PerGentsc,o4-mini,P9,13144,2169,8
PerGentsc,o4-mini,P9,12096,2216,6
PerGentsc,o4-mini,P9,12464,2046,8
PerGentsc,o4-mini,P9,13920,2629,6
PerGentsc,o4-mini,P10,11650,2295,8
PerGentsc,o4-mini,P10,12904,2530,6
PerGentsc,o4-mini,P10,13671,2311,6
PerGentsc,o4-mini,P10,13238,2418,6
PerGentsc,o4-mini,P10,13500,2088,6
