Method,LLM,Persona,Distinctness,Full Preservation,Partial Preservation
OneShot,Claude-4,P1,0.472,0.219,0.549
OneShot,Claude-4,P1,0.488,0.149,0.638
OneShot,Claude-4,P1,0.458,0.473,0.726
OneShot,Claude-4,P1,0.455,0.048,0.679
OneShot,Claude-4,P1,0.464,0.202,0.739
OneShot,Claude-4,P2,0.479,0.056,0.736
OneShot,Claude-4,P2,0.468,0.230,0.710
OneShot,Claude-4,P2,0.489,0.288,0.659
OneShot,Claude-4,P2,0.476,0.157,0.634
OneShot,Claude-4,P2,0.482,0.174,0.709
OneShot,Claude-4,P3,0.476,0.381,0.654
OneShot,Claude-4,P3,0.479,0.068,0.651
OneShot,Claude-4,P3,0.479,0.279,0.698
OneShot,Claude-4,P3,0.444,0.375,0.783
OneShot,Claude-4,P3,0.476,0.035,0.649
OneShot,Claude-4,P4,0.485,0.227,0.804
OneShot,Claude-4,P4,0.472,0.143,0.559
OneShot,Claude-4,P4,0.480,0.015,0.747
OneShot,Claude-4,P4,0.464,0.275,0.647
OneShot,Claude-4,P4,0.467,0.283,0.679
OneShot,Claude-4,P5,0.488,0.151,0.736
OneShot,Claude-4,P5,0.451,0.316,0.657
OneShot,Claude-4,P5,0.474,0.160,0.511
OneShot,Claude-4,P5,0.463,0.316,0.679
OneShot,Claude-4,P5,0.475,0.062,0.673
OneShot,Claude-4,P6,0.463,0.153,0.759
OneShot,Claude-4,P6,0.489,0.122,0.710
OneShot,Claude-4,P6,0.498,0.364,0.712
OneShot,Claude-4,P6,0.477,0.103,0.582
OneShot,Claude-4,P6,0.496,0.020,0.668
OneShot,Claude-4,P7,0.452,0.460,0.644
OneShot,Claude-4,P7,0.479,0.287,0.560
OneShot,Claude-4,P7,0.459,0.243,0.674
OneShot,Claude-4,P7,0.472,0.148,0.698
OneShot,Claude-4,P7,0.471,0.350,0.645
OneShot,Claude-4,P8,0.498,0.130,0.626
OneShot,Claude-4,P8,0.475,0.073,0.719
OneShot,Claude-4,P8,0.474,0.275,0.707
OneShot,Claude-4,P8,0.470,-0.024,0.695
OneShot,Claude-4,P8,0.498,0.040,0.620
OneShot,Claude-4,P9,0.470,0.100,0.648
OneShot,Claude-4,P9,0.479,0.020,0.763
OneShot,Claude-4,P9,0.485,0.424,0.796
OneShot,Claude-4,P9,0.479,-0.133,0.639
OneShot,Claude-4,P9,0.495,-0.049,0.700
OneShot,Claude-4,P10,0.466,0.202,0.704
OneShot,Claude-4,P10,0.451,0.211,0.652
OneShot,Claude-4,P10,0.459,0.328,0.652
OneShot,Claude-4,P10,0.475,0.208,0.649
OneShot,Claude-4,P10,0.469,0.112,0.670
OneShot,Gemini-2,P1,0.539,0.427,0.580
OneShot,Gemini-2,P1,0.538,0.115,0.634
OneShot,Gemini-2,P1,0.536,0.329,0.547
OneShot,Gemini-2,P1,0.527,0.227,0.645
OneShot,Gemini-2,P1,0.547,0.346,0.684
OneShot,Gemini-2,P2,0.514,0.265,0.676
OneShot,Gemini-2,P2,0.531,0.318,0.675
OneShot,Gemini-2,P2,0.519,0.435,0.703
OneShot,Gemini-2,P2,0.536,0.262,0.607
OneShot,Gemini-2,P2,0.521,0.183,0.705
OneShot,Gemini-2,P3,0.511,0.204,0.640
OneShot,Gemini-2,P3,0.519,0.262,0.590
OneShot,Gemini-2,P3,0.520,0.612,0.526
OneShot,Gemini-2,P3,0.517,0.450,0.652
OneShot,Gemini-2,P3,0.525,0.298,0.481
OneShot,Gemini-2,P4,0.529,0.258,0.610
OneShot,Gemini-2,P4,0.537,0.264,0.515
OneShot,Gemini-2,P4,0.511,0.368,0.584
OneShot,Gemini-2,P4,0.523,0.314,0.662
OneShot,Gemini-2,P4,0.542,0.196,0.703
OneShot,Gemini-2,P5,0.520,0.392,0.650
OneShot,Gemini-2,P5,0.535,0.336,0.725
OneShot,Gemini-2,P5,0.532,0.376,0.585
OneShot,Gemini-2,P5,0.516,0.095,0.579
OneShot,Gemini-2,P5,0.526,0.365,0.660
OneShot,Gemini-2,P6,0.527,0.335,0.552
OneShot,Gemini-2,P6,0.538,0.162,0.598
OneShot,Gemini-2,P6,0.520,0.389,0.541
OneShot,Gemini-2,P6,0.537,0.099,0.588
OneShot,Gemini-2,P6,0.521,0.247,0.668
OneShot,Gemini-2,P7,0.543,0.242,0.573
OneShot,Gemini-2,P7,0.520,0.437,0.612
OneShot,Gemini-2,P7,0.521,0.453,0.626
OneShot,Gemini-2,P7,0.511,0.120,0.559
OneShot,Gemini-2,P7,0.527,0.304,0.614
OneShot,Gemini-2,P8,0.527,0.561,0.631
OneShot,Gemini-2,P8,0.531,0.159,0.649
OneShot,Gemini-2,P8,0.519,0.349,0.607
OneShot,Gemini-2,P8,0.531,0.187,0.608
OneShot,Gemini-2,P8,0.510,0.318,0.672
OneShot,Gemini-2,P9,0.543,0.392,0.597
OneShot,Gemini-2,P9,0.531,0.341,0.716
OneShot,Gemini-2,P9,0.520,0.295,0.629
OneShot,Gemini-2,P9,0.523,0.150,0.560
OneShot,Gemini-2,P9,0.512,0.418,0.669
OneShot,Gemini-2,P10,0.509,0.414,0.506
OneShot,Gemini-2,P10,0.527,0.367,0.599
OneShot,Gemini-2,P10,0.534,0.272,0.597
OneShot,Gemini-2,P10,0.505,0.182,0.547
OneShot,Gemini-2,P10,0.543,0.362,0.514
OneShot,Gemini-3,P1,0.772,0.128,0.645
OneShot,Gemini-3,P1,0.792,0.119,0.698
OneShot,Gemini-3,P1,0.789,0.238,0.682
OneShot,Gemini-3,P1,0.772,0.341,0.678
OneShot,Gemini-3,P1,0.772,0.031,0.645
OneShot,Gemini-3,P2,0.786,0.061,0.648
OneShot,Gemini-3,P2,0.777,0.328,0.676
OneShot,Gemini-3,P2,0.778,0.231,0.681
OneShot,Gemini-3,P2,0.783,0.217,0.719
OneShot,Gemini-3,P2,0.791,0.259,0.685
OneShot,Gemini-3,P3,0.771,0.213,0.643
OneShot,Gemini-3,P3,0.794,0.236,0.725
OneShot,Gemini-3,P3,0.782,0.200,0.677
OneShot,Gemini-3,P3,0.762,0.093,0.626
OneShot,Gemini-3,P3,0.780,0.116,0.690
OneShot,Gemini-3,P4,0.788,0.400,0.744
OneShot,Gemini-3,P4,0.781,0.302,0.719
OneShot,Gemini-3,P4,0.786,0.122,0.624
OneShot,Gemini-3,P4,0.784,0.220,0.646
OneShot,Gemini-3,P4,0.783,0.389,0.636
OneShot,Gemini-3,P5,0.778,0.161,0.624
OneShot,Gemini-3,P5,0.786,0.366,0.639
OneShot,Gemini-3,P5,0.785,0.138,0.692
OneShot,Gemini-3,P5,0.785,0.424,0.690
OneShot,Gemini-3,P5,0.791,0.226,0.618
OneShot,Gemini-3,P6,0.782,0.051,0.687
OneShot,Gemini-3,P6,0.791,0.291,0.695
OneShot,Gemini-3,P6,0.778,0.219,0.706
OneShot,Gemini-3,P6,0.785,0.351,0.688
OneShot,Gemini-3,P6,0.815,0.450,0.698
OneShot,Gemini-3,P7,0.788,0.169,0.749
OneShot,Gemini-3,P7,0.777,0.097,0.703
OneShot,Gemini-3,P7,0.792,0.287,0.717
OneShot,Gemini-3,P7,0.783,0.080,0.635
OneShot,Gemini-3,P7,0.780,0.160,0.728
OneShot,Gemini-3,P8,0.787,0.128,0.624
OneShot,Gemini-3,P8,0.792,0.008,0.614
OneShot,Gemini-3,P8,0.794,0.032,0.733
OneShot,Gemini-3,P8,0.771,0.328,0.671
OneShot,Gemini-3,P8,0.774,0.146,0.683
OneShot,Gemini-3,P9,0.791,0.224,0.637
OneShot,Gemini-3,P9,0.786,0.378,0.684
OneShot,Gemini-3,P9,0.777,0.160,0.696
OneShot,Gemini-3,P9,0.809,0.179,0.635
OneShot,Gemini-3,P9,0.779,0.350,0.676
OneShot,Gemini-3,P10,0.792,0.251,0.569
OneShot,Gemini-3,P10,0.790,0.249,0.536
OneShot,Gemini-3,P10,0.789,0.157,0.748
OneShot,Gemini-3,P10,0.789,0.251,0.649
OneShot,Gemini-3,P10,0.762,0.197,0.687
OneShot,GPT-4o,P1,0.524,0.534,0.572
OneShot,GPT-4o,P1,0.523,0.428,0.568
OneShot,GPT-4o,P1,0.505,0.407,0.563
OneShot,GPT-4o,P1,0.547,0.552,0.519
OneShot,GPT-4o,P1,0.534,0.566,0.596
OneShot,GPT-4o,P2,0.532,0.416,0.585
OneShot,GPT-4o,P2,0.528,0.553,0.564
OneShot,GPT-4o,P2,0.531,0.132,0.584
OneShot,GPT-4o,P2,0.514,0.388,0.580
OneShot,GPT-4o,P2,0.539,0.332,0.598
OneShot,GPT-4o,P3,0.528,0.514,0.502
OneShot,GPT-4o,P3,0.513,0.486,0.524
OneShot,GPT-4o,P3,0.528,0.314,0.581
OneShot,GPT-4o,P3,0.532,0.207,0.456
OneShot,GPT-4o,P3,0.529,0.308,0.609
OneShot,GPT-4o,P4,0.535,0.688,0.638
OneShot,GPT-4o,P4,0.535,0.578,0.548
OneShot,GPT-4o,P4,0.538,0.274,0.522
OneShot,GPT-4o,P4,0.532,0.656,0.547
OneShot,GPT-4o,P4,0.515,0.362,0.632
OneShot,GPT-4o,P5,0.532,0.282,0.572
OneShot,GPT-4o,P5,0.542,0.442,0.510
OneShot,GPT-4o,P5,0.546,0.459,0.610
OneShot,GPT-4o,P5,0.535,0.592,0.536
OneShot,GPT-4o,P5,0.518,0.490,0.499
OneShot,GPT-4o,P6,0.518,0.371,0.516
OneShot,GPT-4o,P6,0.518,0.605,0.552
OneShot,GPT-4o,P6,0.536,0.383,0.608
OneShot,GPT-4o,P6,0.518,0.458,0.512
OneShot,GPT-4o,P6,0.527,0.448,0.601
OneShot,GPT-4o,P7,0.521,0.337,0.600
OneShot,GPT-4o,P7,0.536,0.304,0.664
OneShot,GPT-4o,P7,0.524,0.353,0.656
OneShot,GPT-4o,P7,0.529,0.474,0.569
OneShot,GPT-4o,P7,0.529,0.127,0.612
OneShot,GPT-4o,P8,0.528,0.556,0.617
OneShot,GPT-4o,P8,0.498,0.327,0.615
OneShot,GPT-4o,P8,0.529,0.597,0.628
OneShot,GPT-4o,P8,0.542,0.467,0.559
OneShot,GPT-4o,P8,0.542,0.336,0.501
OneShot,GPT-4o,P9,0.558,0.396,0.550
OneShot,GPT-4o,P9,0.552,0.608,0.563
OneShot,GPT-4o,P9,0.535,0.339,0.584
OneShot,GPT-4o,P9,0.515,0.352,0.595
OneShot,GPT-4o,P9,0.538,0.153,0.674
OneShot,GPT-4o,P10,0.522,0.467,0.552
OneShot,GPT-4o,P10,0.527,0.507,0.512
OneShot,GPT-4o,P10,0.531,0.381,0.600
OneShot,GPT-4o,P10,0.520,0.534,0.579
OneShot,GPT-4o,P10,0.520,0.361,0.666
OneShot,Grok-3,P1,0.467,0.371,0.653
OneShot,Grok-3,P1,0.485,0.287,0.663
OneShot,Grok-3,P1,0.479,0.156,0.587
OneShot,Grok-3,P1,0.491,0.415,0.640
OneShot,Grok-3,P1,0.496,0.515,0.676
OneShot,Grok-3,P2,0.502,0.319,0.554
OneShot,Grok-3,P2,0.497,0.220,0.614
OneShot,Grok-3,P2,0.482,0.415,0.591
OneShot,Grok-3,P2,0.478,0.428,0.514
OneShot,Grok-3,P2,0.477,0.374,0.644
OneShot,Grok-3,P3,0.499,0.194,0.579
OneShot,Grok-3,P3,0.479,0.184,0.625
OneShot,Grok-3,P3,0.505,0.184,0.652
OneShot,Grok-3,P3,0.490,0.167,0.636
OneShot,Grok-3,P3,0.478,-0.067,0.614
OneShot,Grok-3,P4,0.487,0.282,0.500
OneShot,Grok-3,P4,0.480,0.370,0.543
OneShot,Grok-3,P4,0.477,0.501,0.621
OneShot,Grok-3,P4,0.476,0.127,0.616
OneShot,Grok-3,P4,0.477,0.405,0.573
OneShot,Grok-3,P5,0.480,0.431,0.637
OneShot,Grok-3,P5,0.477,0.078,0.638
OneShot,Grok-3,P5,0.490,0.335,0.552
OneShot,Grok-3,P5,0.486,0.051,0.619
OneShot,Grok-3,P5,0.478,0.311,0.672
OneShot,Grok-3,P6,0.484,0.412,0.643
OneShot,Grok-3,P6,0.499,0.379,0.525
OneShot,Grok-3,P6,0.473,0.242,0.532
OneShot,Grok-3,P6,0.486,0.467,0.604
OneShot,Grok-3,P6,0.491,0.242,0.569
OneShot,Grok-3,P7,0.483,0.349,0.629
OneShot,Grok-3,P7,0.482,0.578,0.738
OneShot,Grok-3,P7,0.491,0.296,0.619
OneShot,Grok-3,P7,0.496,0.326,0.679
OneShot,Grok-3,P7,0.494,0.393,0.539
OneShot,Grok-3,P8,0.500,0.289,0.583
OneShot,Grok-3,P8,0.484,0.251,0.619
OneShot,Grok-3,P8,0.483,0.108,0.578
OneShot,Grok-3,P8,0.498,0.330,0.603
OneShot,Grok-3,P8,0.468,0.197,0.626
OneShot,Grok-3,P9,0.467,0.183,0.742
OneShot,Grok-3,P9,0.490,0.451,0.625
OneShot,Grok-3,P9,0.468,0.255,0.606
OneShot,Grok-3,P9,0.486,0.308,0.676
OneShot,Grok-3,P9,0.491,0.460,0.640
OneShot,Grok-3,P10,0.493,0.362,0.594
OneShot,Grok-3,P10,0.474,0.355,0.548
OneShot,Grok-3,P10,0.462,0.296,0.704
OneShot,Grok-3,P10,0.499,0.187,0.547
OneShot,Grok-3,P10,0.498,0.431,0.669
OneShot,o4-mini,P1,0.610,0.266,0.675
OneShot,o4-mini,P1,0.582,0.222,0.695
OneShot,o4-mini,P1,0.583,0.153,0.666
OneShot,o4-mini,P1,0.573,0.431,0.614
OneShot,o4-mini,P1,0.613,0.412,0.791
OneShot,o4-mini,P2,0.601,0.378,0.593
OneShot,o4-mini,P2,0.584,0.139,0.595
OneShot,o4-mini,P2,0.589,0.510,0.576
OneShot,o4-mini,P2,0.583,0.310,0.664
OneShot,o4-mini,P2,0.590,0.367,0.656
OneShot,o4-mini,P3,0.597,0.435,0.598
OneShot,o4-mini,P3,0.598,0.173,0.675
OneShot,o4-mini,P3,0.586,0.425,0.682
OneShot,o4-mini,P3,0.560,0.463,0.656
OneShot,o4-mini,P3,0.565,0.486,0.683
OneShot,o4-mini,P4,0.600,0.301,0.649
OneShot,o4-mini,P4,0.581,0.182,0.639
OneShot,o4-mini,P4,0.563,0.327,0.626
OneShot,o4-mini,P4,0.616,0.502,0.647
OneShot,o4-mini,P4,0.582,0.223,0.595
OneShot,o4-mini,P5,0.573,0.384,0.630
OneShot,o4-mini,P5,0.602,0.335,0.643
OneShot,o4-mini,P5,0.602,0.325,0.657
OneShot,o4-mini,P5,0.585,0.427,0.641
OneShot,o4-mini,P5,0.584,0.221,0.605
OneShot,o4-mini,P6,0.601,0.319,0.618
OneShot,o4-mini,P6,0.578,0.555,0.653
OneShot,o4-mini,P6,0.581,0.369,0.644
OneShot,o4-mini,P6,0.583,0.277,0.648
OneShot,o4-mini,P6,0.610,0.413,0.589
OneShot,o4-mini,P7,0.586,0.463,0.660
OneShot,o4-mini,P7,0.587,0.323,0.619
OneShot,o4-mini,P7,0.602,0.400,0.636
OneShot,o4-mini,P7,0.599,0.424,0.644
OneShot,o4-mini,P7,0.587,0.428,0.646
OneShot,o4-mini,P8,0.590,0.474,0.629
OneShot,o4-mini,P8,0.584,0.554,0.659
OneShot,o4-mini,P8,0.576,0.385,0.588
OneShot,o4-mini,P8,0.582,0.420,0.667
OneShot,o4-mini,P8,0.586,0.296,0.720
OneShot,o4-mini,P9,0.596,0.159,0.632
OneShot,o4-mini,P9,0.595,0.279,0.751
OneShot,o4-mini,P9,0.600,0.341,0.558
OneShot,o4-mini,P9,0.602,0.354,0.677
OneShot,o4-mini,P9,0.583,0.306,0.610
OneShot,o4-mini,P10,0.572,0.423,0.656
OneShot,o4-mini,P10,0.607,0.135,0.539
OneShot,o4-mini,P10,0.558,0.192,0.734
OneShot,o4-mini,P10,0.599,0.237,0.652
OneShot,o4-mini,P10,0.604,0.330,0.717
OneShot,GPT-5.2,P1,0.816,0.530,0.765
OneShot,GPT-5.2,P1,0.797,0.310,0.753
OneShot,GPT-5.2,P1,0.783,0.146,0.610
OneShot,GPT-5.2,P1,0.790,0.516,0.660
OneShot,GPT-5.2,P1,0.789,0.258,0.617
OneShot,GPT-5.2,P2,0.800,0.209,0.761
OneShot,GPT-5.2,P2,0.796,0.371,0.671
OneShot,GPT-5.2,P2,0.795,0.270,0.827
OneShot,GPT-5.2,P2,0.796,0.234,0.654
OneShot,GPT-5.2,P2,0.783,0.417,0.651
OneShot,GPT-5.2,P3,0.792,0.277,0.696
OneShot,GPT-5.2,P3,0.804,0.370,0.532
OneShot,GPT-5.2,P3,0.793,0.356,0.704
OneShot,GPT-5.2,P3,0.779,0.295,0.695
OneShot,GPT-5.2,P3,0.792,0.348,0.748
OneShot,GPT-5.2,P4,0.801,0.315,0.626
OneShot,GPT-5.2,P4,0.798,0.461,0.718
OneShot,GPT-5.2,P4,0.790,0.453,0.630
OneShot,GPT-5.2,P4,0.806,0.499,0.675
OneShot,GPT-5.2,P4,0.790,0.364,0.695
OneShot,GPT-5.2,P5,0.797,0.172,0.719
OneShot,GPT-5.2,P5,0.805,0.348,0.661
OneShot,GPT-5.2,P5,0.815,0.054,0.629
OneShot,GPT-5.2,P5,0.783,0.229,0.681
OneShot,GPT-5.2,P5,0.782,0.233,0.688
OneShot,GPT-5.2,P6,0.796,0.415,0.752
OneShot,GPT-5.2,P6,0.785,0.388,0.714
OneShot,GPT-5.2,P6,0.802,0.189,0.603
OneShot,GPT-5.2,P6,0.788,0.297,0.636
OneShot,GPT-5.2,P6,0.783,0.573,0.808
OneShot,GPT-5.2,P7,0.809,0.412,0.653
OneShot,GPT-5.2,P7,0.798,0.140,0.717
OneShot,GPT-5.2,P7,0.779,0.336,0.618
OneShot,GPT-5.2,P7,0.801,0.509,0.633
OneShot,GPT-5.2,P7,0.788,0.182,0.717
OneShot,GPT-5.2,P8,0.791,0.251,0.649
OneShot,GPT-5.2,P8,0.797,0.492,0.751
OneShot,GPT-5.2,P8,0.794,0.291,0.625
OneShot,GPT-5.2,P8,0.765,0.250,0.668
OneShot,GPT-5.2,P8,0.795,0.405,0.636
OneShot,GPT-5.2,P9,0.801,0.289,0.703
OneShot,GPT-5.2,P9,0.803,0.264,0.653
OneShot,GPT-5.2,P9,0.796,0.166,0.639
OneShot,GPT-5.2,P9,0.792,0.217,0.747
OneShot,GPT-5.2,P9,0.818,0.292,0.711
OneShot,GPT-5.2,P10,0.791,0.235,0.782
OneShot,GPT-5.2,P10,0.786,0.179,0.741
OneShot,GPT-5.2,P10,0.803,0.185,0.623
OneShot,GPT-5.2,P10,0.788,0.312,0.709
OneShot,GPT-5.2,P10,0.781,0.198,0.696
OneShot+Res,Claude-4,P1,0.447,0.356,0.525
OneShot+Res,Claude-4,P1,0.497,0.325,0.634
OneShot+Res,Claude-4,P1,0.473,0.268,0.574
OneShot+Res,Claude-4,P1,0.473,0.294,0.648
OneShot+Res,Claude-4,P1,0.444,0.328,0.599
OneShot+Res,Claude-4,P2,0.471,0.307,0.678
OneShot+Res,Claude-4,P2,0.486,0.346,0.617
OneShot+Res,Claude-4,P2,0.484,0.322,0.628
OneShot+Res,Claude-4,P2,0.473,0.226,0.874
OneShot+Res,Claude-4,P2,0.476,0.302,0.743
OneShot+Res,Claude-4,P3,0.470,0.437,0.782
OneShot+Res,Claude-4,P3,0.465,0.271,0.611
OneShot+Res,Claude-4,P3,0.490,0.330,0.576
OneShot+Res,Claude-4,P3,0.487,0.365,0.534
OneShot+Res,Claude-4,P3,0.470,0.266,0.726
OneShot+Res,Claude-4,P4,0.462,0.276,0.762
OneShot+Res,Claude-4,P4,0.474,0.288,0.542
OneShot+Res,Claude-4,P4,0.516,0.267,0.723
OneShot+Res,Claude-4,P4,0.460,0.357,0.685
OneShot+Res,Claude-4,P4,0.492,0.277,0.710
OneShot+Res,Claude-4,P5,0.472,0.403,0.830
OneShot+Res,Claude-4,P5,0.475,0.366,0.803
OneShot+Res,Claude-4,P5,0.488,0.313,0.641
OneShot+Res,Claude-4,P5,0.469,0.291,0.664
OneShot+Res,Claude-4,P5,0.488,0.237,0.875
OneShot+Res,Claude-4,P6,0.474,0.344,0.611
OneShot+Res,Claude-4,P6,0.482,0.365,0.795
OneShot+Res,Claude-4,P6,0.465,0.357,0.833
OneShot+Res,Claude-4,P6,0.444,0.408,0.660
OneShot+Res,Claude-4,P6,0.467,0.353,0.632
OneShot+Res,Claude-4,P7,0.506,0.290,0.743
OneShot+Res,Claude-4,P7,0.491,0.348,0.661
OneShot+Res,Claude-4,P7,0.468,0.334,0.723
OneShot+Res,Claude-4,P7,0.476,0.335,0.775
OneShot+Res,Claude-4,P7,0.482,0.326,0.859
OneShot+Res,Claude-4,P8,0.493,0.251,0.600
OneShot+Res,Claude-4,P8,0.480,0.297,0.661
OneShot+Res,Claude-4,P8,0.477,0.353,0.672
OneShot+Res,Claude-4,P8,0.462,0.314,0.631
OneShot+Res,Claude-4,P8,0.454,0.287,0.777
OneShot+Res,Claude-4,P9,0.465,0.215,0.781
OneShot+Res,Claude-4,P9,0.499,0.336,0.524
OneShot+Res,Claude-4,P9,0.478,0.371,0.654
OneShot+Res,Claude-4,P9,0.468,0.395,0.690
OneShot+Res,Claude-4,P9,0.485,0.307,0.600
OneShot+Res,Claude-4,P10,0.459,0.275,0.655
OneShot+Res,Claude-4,P10,0.470,0.231,0.632
OneShot+Res,Claude-4,P10,0.481,0.331,0.606
OneShot+Res,Claude-4,P10,0.458,0.233,0.756
OneShot+Res,Claude-4,P10,0.464,0.378,0.635
OneShot+Res,Gemini-2,P1,0.598,0.370,0.825
OneShot+Res,Gemini-2,P1,0.573,0.245,0.720
OneShot+Res,Gemini-2,P1,0.555,0.257,0.705
OneShot+Res,Gemini-2,P1,0.591,0.337,0.547
OneShot+Res,Gemini-2,P1,0.582,0.328,0.805
OneShot+Res,Gemini-2,P2,0.586,0.344,0.660
OneShot+Res,Gemini-2,P2,0.571,0.357,0.518
OneShot+Res,Gemini-2,P2,0.602,0.288,0.811
OneShot+Res,Gemini-2,P2,0.588,0.243,0.551
OneShot+Res,Gemini-2,P2,0.597,0.277,0.729
OneShot+Res,Gemini-2,P3,0.596,0.416,0.572
OneShot+Res,Gemini-2,P3,0.572,0.284,0.702
OneShot+Res,Gemini-2,P3,0.564,0.360,0.859
OneShot+Res,Gemini-2,P3,0.586,0.327,0.662
OneShot+Res,Gemini-2,P3,0.561,0.321,0.527
OneShot+Res,Gemini-2,P4,0.563,0.255,0.601
OneShot+Res,Gemini-2,P4,0.577,0.307,0.694
OneShot+Res,Gemini-2,P4,0.566,0.354,0.795
OneShot+Res,Gemini-2,P4,0.586,0.246,0.810
OneShot+Res,Gemini-2,P4,0.581,0.304,0.869
OneShot+Res,Gemini-2,P5,0.597,0.319,0.722
OneShot+Res,Gemini-2,P5,0.588,0.279,0.712
OneShot+Res,Gemini-2,P5,0.566,0.300,0.721
OneShot+Res,Gemini-2,P5,0.581,0.334,0.740
OneShot+Res,Gemini-2,P5,0.578,0.249,0.657
OneShot+Res,Gemini-2,P6,0.577,0.324,0.671
OneShot+Res,Gemini-2,P6,0.593,0.249,0.640
OneShot+Res,Gemini-2,P6,0.580,0.377,0.737
OneShot+Res,Gemini-2,P6,0.568,0.216,0.729
OneShot+Res,Gemini-2,P6,0.575,0.271,0.628
OneShot+Res,Gemini-2,P7,0.548,0.314,0.765
OneShot+Res,Gemini-2,P7,0.587,0.291,0.416
OneShot+Res,Gemini-2,P7,0.574,0.262,0.490
OneShot+Res,Gemini-2,P7,0.600,0.279,0.672
OneShot+Res,Gemini-2,P7,0.589,0.311,0.936
OneShot+Res,Gemini-2,P8,0.594,0.318,0.689
OneShot+Res,Gemini-2,P8,0.569,0.245,0.726
OneShot+Res,Gemini-2,P8,0.561,0.312,0.483
OneShot+Res,Gemini-2,P8,0.577,0.275,0.722
OneShot+Res,Gemini-2,P8,0.584,0.285,0.680
OneShot+Res,Gemini-2,P9,0.567,0.273,0.910
OneShot+Res,Gemini-2,P9,0.568,0.283,0.645
OneShot+Res,Gemini-2,P9,0.595,0.323,0.718
OneShot+Res,Gemini-2,P9,0.560,0.307,0.609
OneShot+Res,Gemini-2,P9,0.624,0.433,0.849
OneShot+Res,Gemini-2,P10,0.602,0.359,0.536
OneShot+Res,Gemini-2,P10,0.581,0.342,0.862
OneShot+Res,Gemini-2,P10,0.581,0.306,0.787
OneShot+Res,Gemini-2,P10,0.579,0.260,0.689
OneShot+Res,Gemini-2,P10,0.610,0.232,0.746
OneShot+Res,Gemini-3,P1,0.846,0.230,0.881
OneShot+Res,Gemini-3,P1,0.827,0.314,0.588
OneShot+Res,Gemini-3,P1,0.860,0.319,0.779
OneShot+Res,Gemini-3,P1,0.856,0.244,0.633
OneShot+Res,Gemini-3,P1,0.862,0.357,0.799
OneShot+Res,Gemini-3,P2,0.869,0.230,0.691
OneShot+Res,Gemini-3,P2,0.838,0.248,0.819
OneShot+Res,Gemini-3,P2,0.854,0.340,0.678
OneShot+Res,Gemini-3,P2,0.843,0.249,0.677
OneShot+Res,Gemini-3,P2,0.851,0.376,0.529
OneShot+Res,Gemini-3,P3,0.824,0.283,0.800
OneShot+Res,Gemini-3,P3,0.839,0.300,0.710
OneShot+Res,Gemini-3,P3,0.847,0.235,0.773
OneShot+Res,Gemini-3,P3,0.861,0.364,0.659
OneShot+Res,Gemini-3,P3,0.830,0.305,0.788
OneShot+Res,Gemini-3,P4,0.872,0.340,0.736
OneShot+Res,Gemini-3,P4,0.833,0.335,0.709
OneShot+Res,Gemini-3,P4,0.877,0.351,0.731
OneShot+Res,Gemini-3,P4,0.834,0.337,0.646
OneShot+Res,Gemini-3,P4,0.843,0.286,0.705
OneShot+Res,Gemini-3,P5,0.842,0.435,0.777
OneShot+Res,Gemini-3,P5,0.843,0.338,0.708
OneShot+Res,Gemini-3,P5,0.861,0.398,0.767
OneShot+Res,Gemini-3,P5,0.841,0.303,0.845
OneShot+Res,Gemini-3,P5,0.877,0.330,0.698
OneShot+Res,Gemini-3,P6,0.858,0.341,0.651
OneShot+Res,Gemini-3,P6,0.818,0.325,0.791
OneShot+Res,Gemini-3,P6,0.841,0.379,0.850
OneShot+Res,Gemini-3,P6,0.818,0.356,0.666
OneShot+Res,Gemini-3,P6,0.839,0.316,0.527
OneShot+Res,Gemini-3,P7,0.869,0.344,0.828
OneShot+Res,Gemini-3,P7,0.863,0.230,0.939
OneShot+Res,Gemini-3,P7,0.832,0.392,0.621
OneShot+Res,Gemini-3,P7,0.839,0.375,0.547
OneShot+Res,Gemini-3,P7,0.835,0.313,0.743
OneShot+Res,Gemini-3,P8,0.871,0.411,0.768
OneShot+Res,Gemini-3,P8,0.866,0.386,0.798
OneShot+Res,Gemini-3,P8,0.837,0.227,0.548
OneShot+Res,Gemini-3,P8,0.838,0.332,0.740
OneShot+Res,Gemini-3,P8,0.843,0.391,0.727
OneShot+Res,Gemini-3,P9,0.851,0.221,0.714
OneShot+Res,Gemini-3,P9,0.863,0.233,0.700
OneShot+Res,Gemini-3,P9,0.847,0.315,0.425
OneShot+Res,Gemini-3,P9,0.882,0.312,0.707
OneShot+Res,Gemini-3,P9,0.852,0.347,0.745
OneShot+Res,Gemini-3,P10,0.847,0.352,0.604
OneShot+Res,Gemini-3,P10,0.837,0.374,0.662
OneShot+Res,Gemini-3,P10,0.851,0.267,0.666
OneShot+Res,Gemini-3,P10,0.848,0.343,0.667
OneShot+Res,Gemini-3,P10,0.825,0.320,0.491
OneShot+Res,GPT-4o,P1,0.508,0.309,0.564
OneShot+Res,GPT-4o,P1,0.499,0.406,0.483
OneShot+Res,GPT-4o,P1,0.481,0.351,0.551
OneShot+Res,GPT-4o,P1,0.506,0.317,0.773
OneShot+Res,GPT-4o,P1,0.487,0.381,0.761
OneShot+Res,GPT-4o,P2,0.544,0.446,0.609
OneShot+Res,GPT-4o,P2,0.507,0.304,0.631
OneShot+Res,GPT-4o,P2,0.498,0.301,0.749
OneShot+Res,GPT-4o,P2,0.512,0.352,0.523
OneShot+Res,GPT-4o,P2,0.471,0.378,0.591
OneShot+Res,GPT-4o,P3,0.502,0.396,0.614
OneShot+Res,GPT-4o,P3,0.511,0.449,0.798
OneShot+Res,GPT-4o,P3,0.488,0.330,0.781
OneShot+Res,GPT-4o,P3,0.510,0.437,0.879
OneShot+Res,GPT-4o,P3,0.525,0.359,0.717
OneShot+Res,GPT-4o,P4,0.518,0.304,0.628
OneShot+Res,GPT-4o,P4,0.523,0.318,0.646
OneShot+Res,GPT-4o,P4,0.508,0.359,0.534
OneShot+Res,GPT-4o,P4,0.498,0.412,0.521
OneShot+Res,GPT-4o,P4,0.502,0.371,0.646
OneShot+Res,GPT-4o,P5,0.488,0.367,0.441
OneShot+Res,GPT-4o,P5,0.478,0.306,0.593
OneShot+Res,GPT-4o,P5,0.513,0.432,0.562
OneShot+Res,GPT-4o,P5,0.513,0.329,0.642
OneShot+Res,GPT-4o,P5,0.471,0.400,0.628
OneShot+Res,GPT-4o,P6,0.522,0.406,0.611
OneShot+Res,GPT-4o,P6,0.518,0.407,0.434
OneShot+Res,GPT-4o,P6,0.546,0.400,0.674
OneShot+Res,GPT-4o,P6,0.510,0.357,0.705
OneShot+Res,GPT-4o,P6,0.510,0.341,0.455
OneShot+Res,GPT-4o,P7,0.519,0.339,0.939
OneShot+Res,GPT-4o,P7,0.516,0.393,0.740
OneShot+Res,GPT-4o,P7,0.510,0.347,0.657
OneShot+Res,GPT-4o,P7,0.497,0.322,0.651
OneShot+Res,GPT-4o,P7,0.487,0.259,0.592
OneShot+Res,GPT-4o,P8,0.528,0.355,0.657
OneShot+Res,GPT-4o,P8,0.530,0.346,0.704
OneShot+Res,GPT-4o,P8,0.504,0.328,0.663
OneShot+Res,GPT-4o,P8,0.489,0.349,0.563
OneShot+Res,GPT-4o,P8,0.516,0.390,0.525
OneShot+Res,GPT-4o,P9,0.506,0.498,0.664
OneShot+Res,GPT-4o,P9,0.520,0.286,0.646
OneShot+Res,GPT-4o,P9,0.477,0.417,0.648
OneShot+Res,GPT-4o,P9,0.483,0.378,0.754
OneShot+Res,GPT-4o,P9,0.537,0.372,0.580
OneShot+Res,GPT-4o,P10,0.480,0.408,0.494
OneShot+Res,GPT-4o,P10,0.526,0.394,0.451
OneShot+Res,GPT-4o,P10,0.500,0.414,0.581
OneShot+Res,GPT-4o,P10,0.520,0.367,0.801
OneShot+Res,GPT-4o,P10,0.489,0.312,0.647
OneShot+Res,Grok-3,P1,0.476,0.326,0.691
OneShot+Res,Grok-3,P1,0.464,0.347,0.695
OneShot+Res,Grok-3,P1,0.472,0.325,0.467
OneShot+Res,Grok-3,P1,0.473,0.288,0.699
OneShot+Res,Grok-3,P1,0.457,0.374,0.638
OneShot+Res,Grok-3,P2,0.469,0.298,0.830
OneShot+Res,Grok-3,P2,0.461,0.258,0.826
OneShot+Res,Grok-3,P2,0.453,0.279,0.696
OneShot+Res,Grok-3,P2,0.475,0.296,0.826
OneShot+Res,Grok-3,P2,0.417,0.285,0.696
OneShot+Res,Grok-3,P3,0.463,0.310,0.716
OneShot+Res,Grok-3,P3,0.452,0.354,0.632
OneShot+Res,Grok-3,P3,0.486,0.321,0.709
OneShot+Res,Grok-3,P3,0.480,0.227,0.589
OneShot+Res,Grok-3,P3,0.443,0.291,0.770
OneShot+Res,Grok-3,P4,0.472,0.298,0.619
OneShot+Res,Grok-3,P4,0.484,0.261,0.788
OneShot+Res,Grok-3,P4,0.475,0.308,0.738
OneShot+Res,Grok-3,P4,0.471,0.444,0.805
OneShot+Res,Grok-3,P4,0.469,0.180,0.683
OneShot+Res,Grok-3,P5,0.485,0.262,0.552
OneShot+Res,Grok-3,P5,0.499,0.351,0.533
OneShot+Res,Grok-3,P5,0.470,0.262,0.857
OneShot+Res,Grok-3,P5,0.464,0.245,0.601
OneShot+Res,Grok-3,P5,0.477,0.191,0.547
OneShot+Res,Grok-3,P6,0.467,0.374,0.661
OneShot+Res,Grok-3,P6,0.469,0.282,0.721
OneShot+Res,Grok-3,P6,0.476,0.389,0.696
OneShot+Res,Grok-3,P6,0.457,0.415,0.600
OneShot+Res,Grok-3,P6,0.447,0.286,0.766
OneShot+Res,Grok-3,P7,0.466,0.340,0.814
OneShot+Res,Grok-3,P7,0.450,0.299,0.639
OneShot+Res,Grok-3,P7,0.458,0.313,0.827
OneShot+Res,Grok-3,P7,0.486,0.289,0.592
OneShot+Res,Grok-3,P7,0.440,0.280,0.763
OneShot+Res,Grok-3,P8,0.446,0.218,0.646
OneShot+Res,Grok-3,P8,0.475,0.307,0.657
OneShot+Res,Grok-3,P8,0.482,0.355,0.797
OneShot+Res,Grok-3,P8,0.450,0.373,0.657
OneShot+Res,Grok-3,P8,0.464,0.306,0.686
OneShot+Res,Grok-3,P9,0.469,0.251,0.615
OneShot+Res,Grok-3,P9,0.457,0.387,0.752
OneShot+Res,Grok-3,P9,0.492,0.271,0.719
OneShot+Res,Grok-3,P9,0.440,0.437,0.764
OneShot+Res,Grok-3,P9,0.445,0.308,0.737
OneShot+Res,Grok-3,P10,0.474,0.265,0.688
OneShot+Res,Grok-3,P10,0.473,0.334,0.707
OneShot+Res,Grok-3,P10,0.485,0.319,0.650
OneShot+Res,Grok-3,P10,0.464,0.291,0.675
OneShot+Res,Grok-3,P10,0.461,0.231,0.671
OneShot+Res,o4-mini,P1,0.591,0.319,0.777
OneShot+Res,o4-mini,P1,0.597,0.136,0.789
OneShot+Res,o4-mini,P1,0.578,0.218,0.618
OneShot+Res,o4-mini,P1,0.594,0.263,0.778
OneShot+Res,o4-mini,P1,0.589,0.268,0.564
OneShot+Res,o4-mini,P2,0.587,0.322,0.661
OneShot+Res,o4-mini,P2,0.579,0.282,0.685
OneShot+Res,o4-mini,P2,0.590,0.242,0.831
OneShot+Res,o4-mini,P2,0.580,0.305,0.619
OneShot+Res,o4-mini,P2,0.602,0.238,0.635
OneShot+Res,o4-mini,P3,0.592,0.247,0.762
OneShot+Res,o4-mini,P3,0.562,0.301,0.641
OneShot+Res,o4-mini,P3,0.552,0.262,0.789
OneShot+Res,o4-mini,P3,0.568,0.279,0.779
OneShot+Res,o4-mini,P3,0.590,0.098,0.599
OneShot+Res,o4-mini,P4,0.610,0.276,0.919
OneShot+Res,o4-mini,P4,0.582,0.245,0.708
OneShot+Res,o4-mini,P4,0.607,0.287,0.704
OneShot+Res,o4-mini,P4,0.574,0.202,0.886
OneShot+Res,o4-mini,P4,0.582,0.253,0.830
OneShot+Res,o4-mini,P5,0.598,0.198,0.736
OneShot+Res,o4-mini,P5,0.572,0.234,0.670
OneShot+Res,o4-mini,P5,0.556,0.329,0.674
OneShot+Res,o4-mini,P5,0.606,0.358,0.612
OneShot+Res,o4-mini,P5,0.563,0.219,0.870
OneShot+Res,o4-mini,P6,0.577,0.302,0.784
OneShot+Res,o4-mini,P6,0.581,0.184,0.778
OneShot+Res,o4-mini,P6,0.554,0.254,0.754
OneShot+Res,o4-mini,P6,0.608,0.318,0.776
OneShot+Res,o4-mini,P6,0.603,0.292,0.624
OneShot+Res,o4-mini,P7,0.588,0.251,0.842
OneShot+Res,o4-mini,P7,0.597,0.252,0.679
OneShot+Res,o4-mini,P7,0.590,0.316,0.876
OneShot+Res,o4-mini,P7,0.601,0.330,0.695
OneShot+Res,o4-mini,P7,0.583,0.267,0.939
OneShot+Res,o4-mini,P8,0.570,0.215,0.764
OneShot+Res,o4-mini,P8,0.561,0.262,0.772
OneShot+Res,o4-mini,P8,0.594,0.302,0.874
OneShot+Res,o4-mini,P8,0.606,0.279,0.845
OneShot+Res,o4-mini,P8,0.574,0.252,0.683
OneShot+Res,o4-mini,P9,0.605,0.254,0.677
OneShot+Res,o4-mini,P9,0.588,0.272,0.779
OneShot+Res,o4-mini,P9,0.582,0.330,0.730
OneShot+Res,o4-mini,P9,0.560,0.243,0.918
OneShot+Res,o4-mini,P9,0.584,0.192,0.703
OneShot+Res,o4-mini,P10,0.585,0.215,0.670
OneShot+Res,o4-mini,P10,0.565,0.288,0.601
OneShot+Res,o4-mini,P10,0.558,0.378,0.728
OneShot+Res,o4-mini,P10,0.581,0.288,0.674
OneShot+Res,o4-mini,P10,0.606,0.182,0.599
OneShot+Res,GPT-5.2,P1,0.816,0.422,0.631
OneShot+Res,GPT-5.2,P1,0.843,0.359,0.588
OneShot+Res,GPT-5.2,P1,0.799,0.241,0.591
OneShot+Res,GPT-5.2,P1,0.795,0.393,0.618
OneShot+Res,GPT-5.2,P1,0.823,0.387,0.640
OneShot+Res,GPT-5.2,P2,0.836,0.377,0.570
OneShot+Res,GPT-5.2,P2,0.822,0.336,0.760
OneShot+Res,GPT-5.2,P2,0.855,0.299,0.621
OneShot+Res,GPT-5.2,P2,0.794,0.339,0.599
OneShot+Res,GPT-5.2,P2,0.802,0.357,0.696
OneShot+Res,GPT-5.2,P3,0.779,0.450,0.521
OneShot+Res,GPT-5.2,P3,0.837,0.322,0.515
OneShot+Res,GPT-5.2,P3,0.825,0.451,0.486
OneShot+Res,GPT-5.2,P3,0.822,0.323,0.482
OneShot+Res,GPT-5.2,P3,0.815,0.358,0.718
OneShot+Res,GPT-5.2,P4,0.797,0.314,0.613
OneShot+Res,GPT-5.2,P4,0.821,0.377,0.538
OneShot+Res,GPT-5.2,P4,0.785,0.336,0.678
OneShot+Res,GPT-5.2,P4,0.803,0.351,0.668
OneShot+Res,GPT-5.2,P4,0.803,0.374,0.531
OneShot+Res,GPT-5.2,P5,0.828,0.290,0.687
OneShot+Res,GPT-5.2,P5,0.850,0.417,0.731
OneShot+Res,GPT-5.2,P5,0.828,0.393,0.493
OneShot+Res,GPT-5.2,P5,0.796,0.418,0.668
OneShot+Res,GPT-5.2,P5,0.796,0.330,0.568
OneShot+Res,GPT-5.2,P6,0.809,0.421,0.479
OneShot+Res,GPT-5.2,P6,0.798,0.430,0.490
OneShot+Res,GPT-5.2,P6,0.782,0.375,0.530
OneShot+Res,GPT-5.2,P6,0.830,0.292,0.612
OneShot+Res,GPT-5.2,P6,0.826,0.397,0.606
OneShot+Res,GPT-5.2,P7,0.807,0.415,0.508
OneShot+Res,GPT-5.2,P7,0.812,0.374,0.686
OneShot+Res,GPT-5.2,P7,0.804,0.362,0.695
OneShot+Res,GPT-5.2,P7,0.832,0.299,0.558
OneShot+Res,GPT-5.2,P7,0.814,0.343,0.653
OneShot+Res,GPT-5.2,P8,0.830,0.379,0.646
OneShot+Res,GPT-5.2,P8,0.832,0.285,0.673
OneShot+Res,GPT-5.2,P8,0.792,0.391,0.630
OneShot+Res,GPT-5.2,P8,0.820,0.319,0.556
OneShot+Res,GPT-5.2,P8,0.801,0.294,0.547
OneShot+Res,GPT-5.2,P9,0.813,0.412,0.469
OneShot+Res,GPT-5.2,P9,0.822,0.424,0.612
OneShot+Res,GPT-5.2,P9,0.828,0.429,0.590
OneShot+Res,GPT-5.2,P9,0.804,0.319,0.709
OneShot+Res,GPT-5.2,P9,0.796,0.348,0.455
OneShot+Res,GPT-5.2,P10,0.804,0.382,0.656
OneShot+Res,GPT-5.2,P10,0.817,0.411,0.515
OneShot+Res,GPT-5.2,P10,0.803,0.426,0.563
OneShot+Res,GPT-5.2,P10,0.800,0.454,0.827
OneShot+Res,GPT-5.2,P10,0.809,0.306,0.625
PerGentNoRes,Claude-4,P1,0.718,0.319,0.655
PerGentNoRes,Claude-4,P1,0.679,0.367,0.642
PerGentNoRes,Claude-4,P1,0.673,0.399,0.567
PerGentNoRes,Claude-4,P1,0.686,0.350,0.524
PerGentNoRes,Claude-4,P1,0.686,0.384,0.758
PerGentNoRes,Claude-4,P2,0.660,0.382,0.630
PerGentNoRes,Claude-4,P2,0.710,0.372,0.636
PerGentNoRes,Claude-4,P2,0.699,0.356,0.515
PerGentNoRes,Claude-4,P2,0.666,0.363,0.660
PerGentNoRes,Claude-4,P2,0.673,0.360,0.763
PerGentNoRes,Claude-4,P3,0.684,0.437,0.614
PerGentNoRes,Claude-4,P3,0.670,0.407,0.604
PerGentNoRes,Claude-4,P3,0.682,0.394,0.569
PerGentNoRes,Claude-4,P3,0.702,0.300,0.627
PerGentNoRes,Claude-4,P3,0.674,0.373,0.557
PerGentNoRes,Claude-4,P4,0.678,0.341,0.539
PerGentNoRes,Claude-4,P4,0.701,0.348,0.741
PerGentNoRes,Claude-4,P4,0.678,0.297,0.665
PerGentNoRes,Claude-4,P4,0.715,0.405,0.595
PerGentNoRes,Claude-4,P4,0.667,0.385,0.559
PerGentNoRes,Claude-4,P5,0.681,0.332,0.669
PerGentNoRes,Claude-4,P5,0.698,0.359,0.709
PerGentNoRes,Claude-4,P5,0.626,0.406,0.709
PerGentNoRes,Claude-4,P5,0.668,0.358,0.644
PerGentNoRes,Claude-4,P5,0.649,0.345,0.667
PerGentNoRes,Claude-4,P6,0.662,0.337,0.715
PerGentNoRes,Claude-4,P6,0.687,0.373,0.534
PerGentNoRes,Claude-4,P6,0.653,0.358,0.734
PerGentNoRes,Claude-4,P6,0.645,0.431,0.606
PerGentNoRes,Claude-4,P6,0.687,0.338,0.710
PerGentNoRes,Claude-4,P7,0.640,0.322,0.708
PerGentNoRes,Claude-4,P7,0.665,0.342,0.760
PerGentNoRes,Claude-4,P7,0.687,0.471,0.676
PerGentNoRes,Claude-4,P7,0.655,0.357,0.581
PerGentNoRes,Claude-4,P7,0.652,0.354,0.545
PerGentNoRes,Claude-4,P8,0.673,0.237,0.759
PerGentNoRes,Claude-4,P8,0.660,0.299,0.724
PerGentNoRes,Claude-4,P8,0.692,0.412,0.583
PerGentNoRes,Claude-4,P8,0.695,0.378,0.524
PerGentNoRes,Claude-4,P8,0.679,0.375,0.702
PerGentNoRes,Claude-4,P9,0.695,0.338,0.669
PerGentNoRes,Claude-4,P9,0.658,0.202,0.755
PerGentNoRes,Claude-4,P9,0.694,0.291,0.573
PerGentNoRes,Claude-4,P9,0.652,0.279,0.640
PerGentNoRes,Claude-4,P9,0.643,0.409,0.731
PerGentNoRes,Claude-4,P10,0.666,0.414,0.529
PerGentNoRes,Claude-4,P10,0.680,0.303,0.504
PerGentNoRes,Claude-4,P10,0.664,0.343,0.690
PerGentNoRes,Claude-4,P10,0.702,0.445,0.544
PerGentNoRes,Claude-4,P10,0.689,0.404,0.739
PerGentNoRes,Gemini-2,P1,0.440,0.229,0.570
PerGentNoRes,Gemini-2,P1,0.444,0.297,0.645
PerGentNoRes,Gemini-2,P1,0.458,0.221,0.848
PerGentNoRes,Gemini-2,P1,0.479,0.240,0.648
PerGentNoRes,Gemini-2,P1,0.445,0.278,0.764
PerGentNoRes,Gemini-2,P2,0.440,0.306,0.766
PerGentNoRes,Gemini-2,P2,0.432,0.202,0.788
PerGentNoRes,Gemini-2,P2,0.415,0.337,0.681
PerGentNoRes,Gemini-2,P2,0.426,0.301,0.722
PerGentNoRes,Gemini-2,P2,0.410,0.295,0.685
PerGentNoRes,Gemini-2,P3,0.443,0.176,0.785
PerGentNoRes,Gemini-2,P3,0.453,0.283,0.743
PerGentNoRes,Gemini-2,P3,0.460,0.279,0.765
PerGentNoRes,Gemini-2,P3,0.421,0.262,0.855
PerGentNoRes,Gemini-2,P3,0.441,0.335,0.811
PerGentNoRes,Gemini-2,P4,0.475,0.239,0.732
PerGentNoRes,Gemini-2,P4,0.407,0.305,0.812
PerGentNoRes,Gemini-2,P4,0.437,0.195,0.766
PerGentNoRes,Gemini-2,P4,0.435,0.145,0.697
PerGentNoRes,Gemini-2,P4,0.425,0.293,0.858
PerGentNoRes,Gemini-2,P5,0.431,0.229,0.704
PerGentNoRes,Gemini-2,P5,0.467,0.243,0.827
PerGentNoRes,Gemini-2,P5,0.442,0.281,0.796
PerGentNoRes,Gemini-2,P5,0.417,0.276,0.694
PerGentNoRes,Gemini-2,P5,0.440,0.270,0.761
PerGentNoRes,Gemini-2,P6,0.427,0.296,0.676
PerGentNoRes,Gemini-2,P6,0.442,0.268,0.889
PerGentNoRes,Gemini-2,P6,0.434,0.243,0.782
PerGentNoRes,Gemini-2,P6,0.434,0.201,0.746
PerGentNoRes,Gemini-2,P6,0.421,0.267,0.774
PerGentNoRes,Gemini-2,P7,0.420,0.304,0.745
PerGentNoRes,Gemini-2,P7,0.447,0.282,0.837
PerGentNoRes,Gemini-2,P7,0.427,0.341,0.682
PerGentNoRes,Gemini-2,P7,0.429,0.191,0.703
PerGentNoRes,Gemini-2,P7,0.443,0.280,0.785
PerGentNoRes,Gemini-2,P8,0.452,0.217,0.691
PerGentNoRes,Gemini-2,P8,0.450,0.334,0.699
PerGentNoRes,Gemini-2,P8,0.409,0.292,0.746
PerGentNoRes,Gemini-2,P8,0.466,0.262,0.566
PerGentNoRes,Gemini-2,P8,0.434,0.247,0.703
PerGentNoRes,Gemini-2,P9,0.446,0.325,0.645
PerGentNoRes,Gemini-2,P9,0.465,0.303,0.733
PerGentNoRes,Gemini-2,P9,0.431,0.316,0.633
PerGentNoRes,Gemini-2,P9,0.432,0.280,0.637
PerGentNoRes,Gemini-2,P9,0.423,0.231,0.758
PerGentNoRes,Gemini-2,P10,0.454,0.214,0.785
PerGentNoRes,Gemini-2,P10,0.429,0.294,0.743
PerGentNoRes,Gemini-2,P10,0.439,0.235,0.729
PerGentNoRes,Gemini-2,P10,0.435,0.258,0.724
PerGentNoRes,Gemini-2,P10,0.477,0.255,0.618
PerGentNoRes,Gemini-3,P1,0.906,0.176,0.431
PerGentNoRes,Gemini-3,P1,0.926,0.128,0.379
PerGentNoRes,Gemini-3,P1,0.917,0.224,0.536
PerGentNoRes,Gemini-3,P1,0.901,0.221,0.393
PerGentNoRes,Gemini-3,P1,0.942,0.215,0.545
PerGentNoRes,Gemini-3,P2,0.943,0.139,0.413
PerGentNoRes,Gemini-3,P2,0.954,0.100,0.442
PerGentNoRes,Gemini-3,P2,0.931,0.177,0.456
PerGentNoRes,Gemini-3,P2,0.940,0.053,0.499
PerGentNoRes,Gemini-3,P2,0.917,0.073,0.320
PerGentNoRes,Gemini-3,P3,0.929,0.211,0.556
PerGentNoRes,Gemini-3,P3,0.925,0.119,0.524
PerGentNoRes,Gemini-3,P3,0.933,0.143,0.293
PerGentNoRes,Gemini-3,P3,0.903,0.161,0.566
PerGentNoRes,Gemini-3,P3,0.955,0.141,0.354
PerGentNoRes,Gemini-3,P4,0.892,0.079,0.480
PerGentNoRes,Gemini-3,P4,0.919,0.226,0.540
PerGentNoRes,Gemini-3,P4,0.939,0.145,0.451
PerGentNoRes,Gemini-3,P4,0.944,0.154,0.462
PerGentNoRes,Gemini-3,P4,0.919,0.183,0.604
PerGentNoRes,Gemini-3,P5,0.939,0.182,0.467
PerGentNoRes,Gemini-3,P5,0.923,0.232,0.408
PerGentNoRes,Gemini-3,P5,0.969,0.155,0.370
PerGentNoRes,Gemini-3,P5,0.929,0.134,0.469
PerGentNoRes,Gemini-3,P5,0.922,0.165,0.431
PerGentNoRes,Gemini-3,P6,0.897,0.122,0.392
PerGentNoRes,Gemini-3,P6,0.937,0.124,0.332
PerGentNoRes,Gemini-3,P6,0.909,0.113,0.484
PerGentNoRes,Gemini-3,P6,0.922,0.198,0.560
PerGentNoRes,Gemini-3,P6,0.894,0.182,0.464
PerGentNoRes,Gemini-3,P7,0.944,0.165,0.562
PerGentNoRes,Gemini-3,P7,0.935,0.082,0.392
PerGentNoRes,Gemini-3,P7,0.944,0.145,0.472
PerGentNoRes,Gemini-3,P7,0.913,0.122,0.460
PerGentNoRes,Gemini-3,P7,0.967,0.109,0.497
PerGentNoRes,Gemini-3,P8,0.948,0.177,0.496
PerGentNoRes,Gemini-3,P8,0.951,0.155,0.510
PerGentNoRes,Gemini-3,P8,0.916,0.180,0.381
PerGentNoRes,Gemini-3,P8,0.909,0.036,0.426
PerGentNoRes,Gemini-3,P8,0.911,0.130,0.424
PerGentNoRes,Gemini-3,P9,0.927,0.107,0.506
PerGentNoRes,Gemini-3,P9,0.932,0.166,0.491
PerGentNoRes,Gemini-3,P9,0.911,0.179,0.563
PerGentNoRes,Gemini-3,P9,0.920,0.103,0.457
PerGentNoRes,Gemini-3,P9,0.916,0.244,0.529
PerGentNoRes,Gemini-3,P10,0.958,0.179,0.582
PerGentNoRes,Gemini-3,P10,0.912,0.086,0.495
PerGentNoRes,Gemini-3,P10,0.925,0.140,0.517
PerGentNoRes,Gemini-3,P10,0.906,0.124,0.425
PerGentNoRes,Gemini-3,P10,0.926,0.198,0.346
PerGentNoRes,GPT-4o,P1,0.504,0.351,0.695
PerGentNoRes,GPT-4o,P1,0.474,0.312,0.698
PerGentNoRes,GPT-4o,P1,0.463,0.283,0.627
PerGentNoRes,GPT-4o,P1,0.493,0.277,0.654
PerGentNoRes,GPT-4o,P1,0.498,0.403,0.703
PerGentNoRes,GPT-4o,P2,0.511,0.455,0.649
PerGentNoRes,GPT-4o,P2,0.498,0.374,0.651
PerGentNoRes,GPT-4o,P2,0.510,0.288,0.669
PerGentNoRes,GPT-4o,P2,0.516,0.331,0.592
PerGentNoRes,GPT-4o,P2,0.476,0.391,0.583
PerGentNoRes,GPT-4o,P3,0.497,0.409,0.611
PerGentNoRes,GPT-4o,P3,0.455,0.306,0.542
PerGentNoRes,GPT-4o,P3,0.471,0.365,0.652
PerGentNoRes,GPT-4o,P3,0.488,0.338,0.704
PerGentNoRes,GPT-4o,P3,0.507,0.343,0.742
PerGentNoRes,GPT-4o,P4,0.490,0.320,0.560
PerGentNoRes,GPT-4o,P4,0.489,0.358,0.714
PerGentNoRes,GPT-4o,P4,0.471,0.386,0.610
PerGentNoRes,GPT-4o,P4,0.474,0.278,0.741
PerGentNoRes,GPT-4o,P4,0.488,0.263,0.627
PerGentNoRes,GPT-4o,P5,0.493,0.369,0.713
PerGentNoRes,GPT-4o,P5,0.535,0.456,0.623
PerGentNoRes,GPT-4o,P5,0.460,0.239,0.716
PerGentNoRes,GPT-4o,P5,0.506,0.474,0.696
PerGentNoRes,GPT-4o,P5,0.497,0.327,0.498
PerGentNoRes,GPT-4o,P6,0.523,0.310,0.765
PerGentNoRes,GPT-4o,P6,0.516,0.342,0.697
PerGentNoRes,GPT-4o,P6,0.507,0.335,0.615
PerGentNoRes,GPT-4o,P6,0.483,0.328,0.736
PerGentNoRes,GPT-4o,P6,0.511,0.373,0.519
PerGentNoRes,GPT-4o,P7,0.507,0.348,0.662
PerGentNoRes,GPT-4o,P7,0.528,0.352,0.693
PerGentNoRes,GPT-4o,P7,0.539,0.404,0.659
PerGentNoRes,GPT-4o,P7,0.499,0.254,0.607
PerGentNoRes,GPT-4o,P7,0.512,0.325,0.725
PerGentNoRes,GPT-4o,P8,0.493,0.331,0.672
PerGentNoRes,GPT-4o,P8,0.499,0.322,0.595
PerGentNoRes,GPT-4o,P8,0.538,0.383,0.682
PerGentNoRes,GPT-4o,P8,0.486,0.390,0.641
PerGentNoRes,GPT-4o,P8,0.489,0.299,0.697
PerGentNoRes,GPT-4o,P9,0.495,0.275,0.770
PerGentNoRes,GPT-4o,P9,0.522,0.360,0.611
PerGentNoRes,GPT-4o,P9,0.464,0.287,0.630
PerGentNoRes,GPT-4o,P9,0.475,0.344,0.624
PerGentNoRes,GPT-4o,P9,0.517,0.349,0.616
PerGentNoRes,GPT-4o,P10,0.462,0.386,0.745
PerGentNoRes,GPT-4o,P10,0.480,0.413,0.610
PerGentNoRes,GPT-4o,P10,0.481,0.317,0.511
PerGentNoRes,GPT-4o,P10,0.524,0.414,0.751
PerGentNoRes,GPT-4o,P10,0.485,0.359,0.596
PerGentNoRes,Grok-3,P1,0.433,0.399,0.468
PerGentNoRes,Grok-3,P1,0.424,0.449,0.518
PerGentNoRes,Grok-3,P1,0.420,0.455,0.572
PerGentNoRes,Grok-3,P1,0.420,0.347,0.451
PerGentNoRes,Grok-3,P1,0.449,0.428,0.442
PerGentNoRes,Grok-3,P2,0.444,0.452,0.492
PerGentNoRes,Grok-3,P2,0.458,0.537,0.547
PerGentNoRes,Grok-3,P2,0.433,0.460,0.529
PerGentNoRes,Grok-3,P2,0.473,0.486,0.483
PerGentNoRes,Grok-3,P2,0.429,0.495,0.529
PerGentNoRes,Grok-3,P3,0.480,0.354,0.514
PerGentNoRes,Grok-3,P3,0.440,0.448,0.519
PerGentNoRes,Grok-3,P3,0.448,0.361,0.534
PerGentNoRes,Grok-3,P3,0.409,0.441,0.469
PerGentNoRes,Grok-3,P3,0.482,0.413,0.552
PerGentNoRes,Grok-3,P4,0.417,0.541,0.697
PerGentNoRes,Grok-3,P4,0.442,0.392,0.651
PerGentNoRes,Grok-3,P4,0.426,0.451,0.594
PerGentNoRes,Grok-3,P4,0.433,0.528,0.457
PerGentNoRes,Grok-3,P4,0.468,0.404,0.590
PerGentNoRes,Grok-3,P5,0.465,0.375,0.699
PerGentNoRes,Grok-3,P5,0.455,0.474,0.522
PerGentNoRes,Grok-3,P5,0.445,0.395,0.519
PerGentNoRes,Grok-3,P5,0.450,0.438,0.659
PerGentNoRes,Grok-3,P5,0.412,0.566,0.453
PerGentNoRes,Grok-3,P6,0.454,0.304,0.530
PerGentNoRes,Grok-3,P6,0.447,0.414,0.672
PerGentNoRes,Grok-3,P6,0.446,0.385,0.728
PerGentNoRes,Grok-3,P6,0.458,0.449,0.522
PerGentNoRes,Grok-3,P6,0.454,0.455,0.384
PerGentNoRes,Grok-3,P7,0.425,0.418,0.644
PerGentNoRes,Grok-3,P7,0.433,0.467,0.535
PerGentNoRes,Grok-3,P7,0.440,0.586,0.501
PerGentNoRes,Grok-3,P7,0.425,0.463,0.533
PerGentNoRes,Grok-3,P7,0.434,0.448,0.488
PerGentNoRes,Grok-3,P8,0.453,0.445,0.710
PerGentNoRes,Grok-3,P8,0.440,0.515,0.495
PerGentNoRes,Grok-3,P8,0.463,0.449,0.522
PerGentNoRes,Grok-3,P8,0.457,0.479,0.613
PerGentNoRes,Grok-3,P8,0.435,0.517,0.582
PerGentNoRes,Grok-3,P9,0.488,0.525,0.533
PerGentNoRes,Grok-3,P9,0.450,0.447,0.437
PerGentNoRes,Grok-3,P9,0.409,0.461,0.587
PerGentNoRes,Grok-3,P9,0.473,0.531,0.578
PerGentNoRes,Grok-3,P9,0.419,0.392,0.596
PerGentNoRes,Grok-3,P10,0.499,0.369,0.601
PerGentNoRes,Grok-3,P10,0.453,0.358,0.582
PerGentNoRes,Grok-3,P10,0.425,0.569,0.726
PerGentNoRes,Grok-3,P10,0.442,0.518,0.494
PerGentNoRes,Grok-3,P10,0.476,0.346,0.547
PerGentNoRes,o4-mini,P1,0.675,0.474,0.436
PerGentNoRes,o4-mini,P1,0.696,0.540,0.511
PerGentNoRes,o4-mini,P1,0.731,0.476,0.602
PerGentNoRes,o4-mini,P1,0.695,0.459,0.453
PerGentNoRes,o4-mini,P1,0.695,0.522,0.536
PerGentNoRes,o4-mini,P2,0.686,0.546,0.437
PerGentNoRes,o4-mini,P2,0.676,0.579,0.583
PerGentNoRes,o4-mini,P2,0.672,0.350,0.495
PerGentNoRes,o4-mini,P2,0.697,0.425,0.473
PerGentNoRes,o4-mini,P2,0.708,0.483,0.456
PerGentNoRes,o4-mini,P3,0.713,0.430,0.468
PerGentNoRes,o4-mini,P3,0.681,0.492,0.561
PerGentNoRes,o4-mini,P3,0.686,0.434,0.518
PerGentNoRes,o4-mini,P3,0.698,0.483,0.531
PerGentNoRes,o4-mini,P3,0.679,0.459,0.556
PerGentNoRes,o4-mini,P4,0.664,0.372,0.553
PerGentNoRes,o4-mini,P4,0.708,0.440,0.628
PerGentNoRes,o4-mini,P4,0.689,0.471,0.519
PerGentNoRes,o4-mini,P4,0.700,0.550,0.631
PerGentNoRes,o4-mini,P4,0.712,0.520,0.563
PerGentNoRes,o4-mini,P5,0.707,0.481,0.520
PerGentNoRes,o4-mini,P5,0.707,0.498,0.611
PerGentNoRes,o4-mini,P5,0.716,0.522,0.572
PerGentNoRes,o4-mini,P5,0.682,0.537,0.449
PerGentNoRes,o4-mini,P5,0.728,0.490,0.421
PerGentNoRes,o4-mini,P6,0.673,0.413,0.464
PerGentNoRes,o4-mini,P6,0.678,0.411,0.405
PerGentNoRes,o4-mini,P6,0.671,0.442,0.575
PerGentNoRes,o4-mini,P6,0.739,0.427,0.539
PerGentNoRes,o4-mini,P6,0.699,0.443,0.409
PerGentNoRes,o4-mini,P7,0.710,0.467,0.533
PerGentNoRes,o4-mini,P7,0.731,0.471,0.434
PerGentNoRes,o4-mini,P7,0.694,0.451,0.481
PerGentNoRes,o4-mini,P7,0.692,0.545,0.515
PerGentNoRes,o4-mini,P7,0.656,0.536,0.473
PerGentNoRes,o4-mini,P8,0.675,0.439,0.579
PerGentNoRes,o4-mini,P8,0.725,0.482,0.629
PerGentNoRes,o4-mini,P8,0.691,0.518,0.512
PerGentNoRes,o4-mini,P8,0.708,0.486,0.623
PerGentNoRes,o4-mini,P8,0.717,0.537,0.483
PerGentNoRes,o4-mini,P9,0.731,0.502,0.428
PerGentNoRes,o4-mini,P9,0.670,0.513,0.569
PerGentNoRes,o4-mini,P9,0.664,0.502,0.473
PerGentNoRes,o4-mini,P9,0.719,0.500,0.613
PerGentNoRes,o4-mini,P9,0.734,0.473,0.696
PerGentNoRes,o4-mini,P10,0.744,0.466,0.393
PerGentNoRes,o4-mini,P10,0.698,0.398,0.558
PerGentNoRes,o4-mini,P10,0.683,0.534,0.533
PerGentNoRes,o4-mini,P10,0.688,0.463,0.563
PerGentNoRes,o4-mini,P10,0.711,0.448,0.536
PerGentNoRes,GPT-5.2,P1,0.877,0.298,0.520
PerGentNoRes,GPT-5.2,P1,0.889,0.246,0.431
PerGentNoRes,GPT-5.2,P1,0.918,0.332,0.387
PerGentNoRes,GPT-5.2,P1,0.901,0.214,0.398
PerGentNoRes,GPT-5.2,P1,0.912,0.130,0.417
PerGentNoRes,GPT-5.2,P2,0.911,0.274,0.523
PerGentNoRes,GPT-5.2,P2,0.923,0.257,0.573
PerGentNoRes,GPT-5.2,P2,0.885,0.326,0.303
PerGentNoRes,GPT-5.2,P2,0.883,0.210,0.296
PerGentNoRes,GPT-5.2,P2,0.913,0.303,0.439
PerGentNoRes,GPT-5.2,P3,0.866,0.200,0.403
PerGentNoRes,GPT-5.2,P3,0.888,0.277,0.483
PerGentNoRes,GPT-5.2,P3,0.879,0.407,0.305
PerGentNoRes,GPT-5.2,P3,0.908,0.284,0.450
PerGentNoRes,GPT-5.2,P3,0.906,0.269,0.445
PerGentNoRes,GPT-5.2,P4,0.891,0.218,0.395
PerGentNoRes,GPT-5.2,P4,0.894,0.185,0.442
PerGentNoRes,GPT-5.2,P4,0.871,0.319,0.473
PerGentNoRes,GPT-5.2,P4,0.894,0.316,0.611
PerGentNoRes,GPT-5.2,P4,0.889,0.241,0.575
PerGentNoRes,GPT-5.2,P5,0.902,0.176,0.427
PerGentNoRes,GPT-5.2,P5,0.893,0.252,0.654
PerGentNoRes,GPT-5.2,P5,0.889,0.284,0.571
PerGentNoRes,GPT-5.2,P5,0.874,0.181,0.269
PerGentNoRes,GPT-5.2,P5,0.920,0.297,0.395
PerGentNoRes,GPT-5.2,P6,0.904,0.252,0.483
PerGentNoRes,GPT-5.2,P6,0.897,0.341,0.459
PerGentNoRes,GPT-5.2,P6,0.879,0.286,0.464
PerGentNoRes,GPT-5.2,P6,0.872,0.322,0.368
PerGentNoRes,GPT-5.2,P6,0.923,0.270,0.470
PerGentNoRes,GPT-5.2,P7,0.894,0.244,0.607
PerGentNoRes,GPT-5.2,P7,0.898,0.266,0.563
PerGentNoRes,GPT-5.2,P7,0.891,0.303,0.377
PerGentNoRes,GPT-5.2,P7,0.893,0.251,0.458
PerGentNoRes,GPT-5.2,P7,0.891,0.349,0.523
PerGentNoRes,GPT-5.2,P8,0.929,0.264,0.476
PerGentNoRes,GPT-5.2,P8,0.873,0.269,0.487
PerGentNoRes,GPT-5.2,P8,0.896,0.193,0.436
PerGentNoRes,GPT-5.2,P8,0.903,0.270,0.515
PerGentNoRes,GPT-5.2,P8,0.850,0.301,0.481
PerGentNoRes,GPT-5.2,P9,0.892,0.275,0.449
PerGentNoRes,GPT-5.2,P9,0.908,0.287,0.426
PerGentNoRes,GPT-5.2,P9,0.873,0.358,0.457
PerGentNoRes,GPT-5.2,P9,0.889,0.260,0.513
PerGentNoRes,GPT-5.2,P9,0.923,0.306,0.349
PerGentNoRes,GPT-5.2,P10,0.910,0.244,0.362
PerGentNoRes,GPT-5.2,P10,0.913,0.269,0.361
PerGentNoRes,GPT-5.2,P10,0.891,0.220,0.513
PerGentNoRes,GPT-5.2,P10,0.873,0.366,0.520
PerGentNoRes,GPT-5.2,P10,0.908,0.333,0.396
PerGent,Claude-4,P1,0.820,0.394,0.718
PerGent,Claude-4,P1,0.812,0.401,0.727
PerGent,Claude-4,P1,0.833,0.372,0.724
PerGent,Claude-4,P1,0.820,0.389,0.689
PerGent,Claude-4,P1,0.809,0.367,0.725
PerGent,Claude-4,P2,0.816,0.391,0.699
PerGent,Claude-4,P2,0.795,0.405,0.724
PerGent,Claude-4,P2,0.802,0.373,0.706
PerGent,Claude-4,P2,0.812,0.392,0.703
PerGent,Claude-4,P2,0.819,0.376,0.702
PerGent,Claude-4,P3,0.822,0.391,0.707
PerGent,Claude-4,P3,0.816,0.400,0.702
PerGent,Claude-4,P3,0.814,0.383,0.728
PerGent,Claude-4,P3,0.831,0.383,0.715
PerGent,Claude-4,P3,0.828,0.395,0.725
PerGent,Claude-4,P4,0.825,0.384,0.713
PerGent,Claude-4,P4,0.818,0.397,0.703
PerGent,Claude-4,P4,0.798,0.398,0.710
PerGent,Claude-4,P4,0.797,0.389,0.720
PerGent,Claude-4,P4,0.818,0.397,0.704
PerGent,Claude-4,P5,0.821,0.386,0.693
PerGent,Claude-4,P5,0.807,0.393,0.710
PerGent,Claude-4,P5,0.820,0.394,0.720
PerGent,Claude-4,P5,0.816,0.381,0.722
PerGent,Claude-4,P5,0.820,0.402,0.705
PerGent,Claude-4,P6,0.806,0.396,0.712
PerGent,Claude-4,P6,0.812,0.378,0.715
PerGent,Claude-4,P6,0.813,0.386,0.698
PerGent,Claude-4,P6,0.806,0.388,0.720
PerGent,Claude-4,P6,0.819,0.409,0.716
PerGent,Claude-4,P7,0.820,0.379,0.706
PerGent,Claude-4,P7,0.819,0.390,0.714
PerGent,Claude-4,P7,0.815,0.390,0.724
PerGent,Claude-4,P7,0.819,0.366,0.728
PerGent,Claude-4,P7,0.814,0.377,0.729
PerGent,Claude-4,P8,0.804,0.399,0.725
PerGent,Claude-4,P8,0.804,0.387,0.701
PerGent,Claude-4,P8,0.819,0.392,0.716
PerGent,Claude-4,P8,0.834,0.369,0.728
PerGent,Claude-4,P8,0.821,0.378,0.694
PerGent,Claude-4,P9,0.796,0.383,0.695
PerGent,Claude-4,P9,0.802,0.387,0.695
PerGent,Claude-4,P9,0.812,0.390,0.718
PerGent,Claude-4,P9,0.826,0.403,0.688
PerGent,Claude-4,P9,0.836,0.388,0.701
PerGent,Claude-4,P10,0.806,0.381,0.713
PerGent,Claude-4,P10,0.809,0.387,0.713
PerGent,Claude-4,P10,0.812,0.397,0.715
PerGent,Claude-4,P10,0.818,0.380,0.730
PerGent,Claude-4,P10,0.819,0.387,0.712
PerGent,Gemini-2,P1,0.518,0.242,0.780
PerGent,Gemini-2,P1,0.524,0.236,0.756
PerGent,Gemini-2,P1,0.518,0.238,0.762
PerGent,Gemini-2,P1,0.522,0.252,0.749
PerGent,Gemini-2,P1,0.522,0.239,0.748
PerGent,Gemini-2,P2,0.518,0.241,0.761
PerGent,Gemini-2,P2,0.521,0.236,0.766
PerGent,Gemini-2,P2,0.519,0.237,0.746
PerGent,Gemini-2,P2,0.522,0.225,0.761
PerGent,Gemini-2,P2,0.516,0.248,0.759
PerGent,Gemini-2,P3,0.533,0.241,0.761
PerGent,Gemini-2,P3,0.532,0.234,0.756
PerGent,Gemini-2,P3,0.534,0.241,0.739
PerGent,Gemini-2,P3,0.528,0.240,0.765
PerGent,Gemini-2,P3,0.512,0.237,0.757
PerGent,Gemini-2,P4,0.547,0.214,0.759
PerGent,Gemini-2,P4,0.508,0.235,0.764
PerGent,Gemini-2,P4,0.515,0.240,0.752
PerGent,Gemini-2,P4,0.521,0.241,0.744
PerGent,Gemini-2,P4,0.523,0.245,0.768
PerGent,Gemini-2,P5,0.519,0.247,0.776
PerGent,Gemini-2,P5,0.517,0.237,0.786
PerGent,Gemini-2,P5,0.516,0.228,0.753
PerGent,Gemini-2,P5,0.519,0.244,0.758
PerGent,Gemini-2,P5,0.532,0.237,0.762
PerGent,Gemini-2,P6,0.517,0.245,0.771
PerGent,Gemini-2,P6,0.508,0.232,0.769
PerGent,Gemini-2,P6,0.544,0.233,0.780
PerGent,Gemini-2,P6,0.531,0.224,0.770
PerGent,Gemini-2,P6,0.516,0.255,0.762
PerGent,Gemini-2,P7,0.532,0.256,0.760
PerGent,Gemini-2,P7,0.503,0.248,0.757
PerGent,Gemini-2,P7,0.522,0.246,0.748
PerGent,Gemini-2,P7,0.530,0.225,0.756
PerGent,Gemini-2,P7,0.534,0.256,0.769
PerGent,Gemini-2,P8,0.512,0.234,0.757
PerGent,Gemini-2,P8,0.527,0.233,0.767
PerGent,Gemini-2,P8,0.511,0.241,0.763
PerGent,Gemini-2,P8,0.503,0.235,0.760
PerGent,Gemini-2,P8,0.503,0.249,0.762
PerGent,Gemini-2,P9,0.535,0.254,0.764
PerGent,Gemini-2,P9,0.522,0.228,0.775
PerGent,Gemini-2,P9,0.520,0.223,0.759
PerGent,Gemini-2,P9,0.529,0.248,0.781
PerGent,Gemini-2,P9,0.529,0.231,0.745
PerGent,Gemini-2,P10,0.529,0.251,0.757
PerGent,Gemini-2,P10,0.519,0.243,0.754
PerGent,Gemini-2,P10,0.528,0.236,0.765
PerGent,Gemini-2,P10,0.514,0.242,0.763
PerGent,Gemini-2,P10,0.529,0.226,0.752
PerGent,Gemini-3,P1,0.939,0.253,0.700
PerGent,Gemini-3,P1,0.939,0.248,0.708
PerGent,Gemini-3,P1,0.937,0.238,0.691
PerGent,Gemini-3,P1,0.931,0.260,0.718
PerGent,Gemini-3,P1,0.946,0.252,0.712
PerGent,Gemini-3,P2,0.935,0.236,0.711
PerGent,Gemini-3,P2,0.922,0.249,0.714
PerGent,Gemini-3,P2,0.922,0.255,0.709
PerGent,Gemini-3,P2,0.947,0.278,0.710
PerGent,Gemini-3,P2,0.931,0.253,0.711
PerGent,Gemini-3,P3,0.937,0.257,0.710
PerGent,Gemini-3,P3,0.942,0.276,0.707
PerGent,Gemini-3,P3,0.927,0.257,0.701
PerGent,Gemini-3,P3,0.942,0.259,0.707
PerGent,Gemini-3,P3,0.910,0.250,0.706
PerGent,Gemini-3,P4,0.938,0.259,0.716
PerGent,Gemini-3,P4,0.935,0.258,0.706
PerGent,Gemini-3,P4,0.920,0.259,0.699
PerGent,Gemini-3,P4,0.927,0.263,0.718
PerGent,Gemini-3,P4,0.932,0.239,0.691
PerGent,Gemini-3,P5,0.927,0.264,0.700
PerGent,Gemini-3,P5,0.937,0.262,0.703
PerGent,Gemini-3,P5,0.943,0.278,0.698
PerGent,Gemini-3,P5,0.931,0.257,0.706
PerGent,Gemini-3,P5,0.926,0.255,0.708
PerGent,Gemini-3,P6,0.946,0.263,0.709
PerGent,Gemini-3,P6,0.938,0.243,0.701
PerGent,Gemini-3,P6,0.928,0.247,0.710
PerGent,Gemini-3,P6,0.927,0.255,0.687
PerGent,Gemini-3,P6,0.926,0.255,0.691
PerGent,Gemini-3,P7,0.914,0.262,0.684
PerGent,Gemini-3,P7,0.933,0.252,0.713
PerGent,Gemini-3,P7,0.918,0.232,0.722
PerGent,Gemini-3,P7,0.945,0.237,0.695
PerGent,Gemini-3,P7,0.943,0.245,0.703
PerGent,Gemini-3,P8,0.946,0.245,0.708
PerGent,Gemini-3,P8,0.941,0.233,0.704
PerGent,Gemini-3,P8,0.932,0.239,0.704
PerGent,Gemini-3,P8,0.946,0.268,0.703
PerGent,Gemini-3,P8,0.939,0.260,0.705
PerGent,Gemini-3,P9,0.945,0.267,0.699
PerGent,Gemini-3,P9,0.932,0.234,0.700
PerGent,Gemini-3,P9,0.933,0.260,0.714
PerGent,Gemini-3,P9,0.917,0.249,0.713
PerGent,Gemini-3,P9,0.941,0.248,0.706
PerGent,Gemini-3,P10,0.928,0.254,0.703
PerGent,Gemini-3,P10,0.933,0.262,0.702
PerGent,Gemini-3,P10,0.922,0.267,0.713
PerGent,Gemini-3,P10,0.926,0.257,0.705
PerGent,Gemini-3,P10,0.929,0.252,0.695
PerGent,GPT-4o,P1,0.515,0.437,0.653
PerGent,GPT-4o,P1,0.525,0.434,0.687
PerGent,GPT-4o,P1,0.502,0.425,0.658
PerGent,GPT-4o,P1,0.500,0.431,0.661
PerGent,GPT-4o,P1,0.531,0.425,0.674
PerGent,GPT-4o,P2,0.516,0.433,0.651
PerGent,GPT-4o,P2,0.518,0.420,0.687
PerGent,GPT-4o,P2,0.511,0.425,0.653
PerGent,GPT-4o,P2,0.511,0.422,0.684
PerGent,GPT-4o,P2,0.509,0.422,0.685
PerGent,GPT-4o,P3,0.515,0.423,0.654
PerGent,GPT-4o,P3,0.522,0.432,0.663
PerGent,GPT-4o,P3,0.503,0.422,0.683
PerGent,GPT-4o,P3,0.505,0.438,0.667
PerGent,GPT-4o,P3,0.503,0.429,0.658
PerGent,GPT-4o,P4,0.502,0.427,0.665
PerGent,GPT-4o,P4,0.509,0.443,0.671
PerGent,GPT-4o,P4,0.505,0.437,0.676
PerGent,GPT-4o,P4,0.519,0.450,0.652
PerGent,GPT-4o,P4,0.520,0.433,0.666
PerGent,GPT-4o,P5,0.521,0.442,0.662
PerGent,GPT-4o,P5,0.503,0.435,0.655
PerGent,GPT-4o,P5,0.525,0.422,0.669
PerGent,GPT-4o,P5,0.521,0.455,0.677
PerGent,GPT-4o,P5,0.492,0.428,0.681
PerGent,GPT-4o,P6,0.502,0.442,0.663
PerGent,GPT-4o,P6,0.509,0.439,0.665
PerGent,GPT-4o,P6,0.497,0.449,0.655
PerGent,GPT-4o,P6,0.525,0.437,0.669
PerGent,GPT-4o,P6,0.493,0.428,0.667
PerGent,GPT-4o,P7,0.517,0.446,0.671
PerGent,GPT-4o,P7,0.526,0.437,0.663
PerGent,GPT-4o,P7,0.491,0.439,0.669
PerGent,GPT-4o,P7,0.500,0.414,0.661
PerGent,GPT-4o,P7,0.494,0.423,0.658
PerGent,GPT-4o,P8,0.505,0.438,0.690
PerGent,GPT-4o,P8,0.507,0.423,0.642
PerGent,GPT-4o,P8,0.522,0.430,0.654
PerGent,GPT-4o,P8,0.504,0.431,0.676
PerGent,GPT-4o,P8,0.502,0.424,0.658
PerGent,GPT-4o,P9,0.515,0.435,0.660
PerGent,GPT-4o,P9,0.500,0.431,0.654
PerGent,GPT-4o,P9,0.502,0.440,0.674
PerGent,GPT-4o,P9,0.508,0.438,0.684
PerGent,GPT-4o,P9,0.499,0.434,0.674
PerGent,GPT-4o,P10,0.521,0.429,0.663
PerGent,GPT-4o,P10,0.523,0.448,0.689
PerGent,GPT-4o,P10,0.521,0.448,0.664
PerGent,GPT-4o,P10,0.520,0.425,0.673
PerGent,GPT-4o,P10,0.496,0.433,0.662
PerGent,Grok-3,P1,0.627,0.510,0.622
PerGent,Grok-3,P1,0.619,0.499,0.615
PerGent,Grok-3,P1,0.620,0.496,0.610
PerGent,Grok-3,P1,0.634,0.502,0.602
PerGent,Grok-3,P1,0.618,0.490,0.598
PerGent,Grok-3,P2,0.639,0.480,0.612
PerGent,Grok-3,P2,0.612,0.500,0.604
PerGent,Grok-3,P2,0.615,0.481,0.611
PerGent,Grok-3,P2,0.616,0.510,0.614
PerGent,Grok-3,P2,0.623,0.499,0.612
PerGent,Grok-3,P3,0.614,0.502,0.591
PerGent,Grok-3,P3,0.630,0.498,0.606
PerGent,Grok-3,P3,0.629,0.505,0.612
PerGent,Grok-3,P3,0.626,0.473,0.605
PerGent,Grok-3,P3,0.625,0.499,0.606
PerGent,Grok-3,P4,0.624,0.483,0.603
PerGent,Grok-3,P4,0.620,0.501,0.614
PerGent,Grok-3,P4,0.620,0.487,0.607
PerGent,Grok-3,P4,0.616,0.502,0.613
PerGent,Grok-3,P4,0.615,0.495,0.600
PerGent,Grok-3,P5,0.619,0.498,0.604
PerGent,Grok-3,P5,0.635,0.497,0.600
PerGent,Grok-3,P5,0.650,0.497,0.602
PerGent,Grok-3,P5,0.614,0.492,0.604
PerGent,Grok-3,P5,0.633,0.470,0.609
PerGent,Grok-3,P6,0.621,0.498,0.595
PerGent,Grok-3,P6,0.637,0.492,0.600
PerGent,Grok-3,P6,0.640,0.494,0.604
PerGent,Grok-3,P6,0.625,0.500,0.594
PerGent,Grok-3,P6,0.632,0.487,0.595
PerGent,Grok-3,P7,0.628,0.490,0.604
PerGent,Grok-3,P7,0.627,0.498,0.615
PerGent,Grok-3,P7,0.616,0.496,0.619
PerGent,Grok-3,P7,0.645,0.496,0.612
PerGent,Grok-3,P7,0.612,0.464,0.606
PerGent,Grok-3,P8,0.630,0.489,0.616
PerGent,Grok-3,P8,0.618,0.492,0.600
PerGent,Grok-3,P8,0.627,0.502,0.591
PerGent,Grok-3,P8,0.633,0.496,0.606
PerGent,Grok-3,P8,0.630,0.506,0.599
PerGent,Grok-3,P9,0.625,0.495,0.629
PerGent,Grok-3,P9,0.641,0.500,0.612
PerGent,Grok-3,P9,0.628,0.493,0.587
PerGent,Grok-3,P9,0.621,0.498,0.611
PerGent,Grok-3,P9,0.626,0.483,0.616
PerGent,Grok-3,P10,0.625,0.472,0.598
PerGent,Grok-3,P10,0.630,0.491,0.615
PerGent,Grok-3,P10,0.632,0.515,0.605
PerGent,Grok-3,P10,0.624,0.502,0.592
PerGent,Grok-3,P10,0.634,0.485,0.600
PerGent,o4-mini,P1,0.607,0.481,0.598
PerGent,o4-mini,P1,0.627,0.476,0.609
PerGent,o4-mini,P1,0.627,0.481,0.606
PerGent,o4-mini,P1,0.597,0.499,0.605
PerGent,o4-mini,P1,0.620,0.490,0.605
PerGent,o4-mini,P2,0.628,0.501,0.592
PerGent,o4-mini,P2,0.605,0.479,0.617
PerGent,o4-mini,P2,0.619,0.509,0.601
PerGent,o4-mini,P2,0.603,0.488,0.615
PerGent,o4-mini,P2,0.612,0.504,0.605
PerGent,o4-mini,P3,0.608,0.502,0.595
PerGent,o4-mini,P3,0.609,0.492,0.602
PerGent,o4-mini,P3,0.626,0.470,0.599
PerGent,o4-mini,P3,0.603,0.506,0.607
PerGent,o4-mini,P3,0.603,0.500,0.606
PerGent,o4-mini,P4,0.609,0.475,0.599
PerGent,o4-mini,P4,0.611,0.503,0.601
PerGent,o4-mini,P4,0.608,0.512,0.598
PerGent,o4-mini,P4,0.648,0.501,0.592
PerGent,o4-mini,P4,0.617,0.486,0.612
PerGent,o4-mini,P5,0.621,0.492,0.610
PerGent,o4-mini,P5,0.613,0.492,0.603
PerGent,o4-mini,P5,0.616,0.495,0.610
PerGent,o4-mini,P5,0.610,0.497,0.607
PerGent,o4-mini,P5,0.624,0.487,0.598
PerGent,o4-mini,P6,0.629,0.490,0.587
PerGent,o4-mini,P6,0.609,0.508,0.601
PerGent,o4-mini,P6,0.625,0.503,0.616
PerGent,o4-mini,P6,0.616,0.498,0.608
PerGent,o4-mini,P6,0.615,0.501,0.605
PerGent,o4-mini,P7,0.630,0.495,0.581
PerGent,o4-mini,P7,0.595,0.489,0.613
PerGent,o4-mini,P7,0.619,0.503,0.613
PerGent,o4-mini,P7,0.624,0.489,0.601
PerGent,o4-mini,P7,0.622,0.498,0.606
PerGent,o4-mini,P8,0.620,0.509,0.627
PerGent,o4-mini,P8,0.610,0.498,0.592
PerGent,o4-mini,P8,0.601,0.484,0.611
PerGent,o4-mini,P8,0.616,0.522,0.599
PerGent,o4-mini,P8,0.598,0.500,0.609
PerGent,o4-mini,P9,0.601,0.504,0.616
PerGent,o4-mini,P9,0.632,0.497,0.608
PerGent,o4-mini,P9,0.615,0.509,0.607
PerGent,o4-mini,P9,0.610,0.494,0.595
PerGent,o4-mini,P9,0.617,0.482,0.621
PerGent,o4-mini,P10,0.608,0.506,0.596
PerGent,o4-mini,P10,0.614,0.497,0.605
PerGent,o4-mini,P10,0.617,0.497,0.593
PerGent,o4-mini,P10,0.585,0.513,0.593
PerGent,o4-mini,P10,0.605,0.498,0.604
PerGent,GPT-5.2,P1,0.924,0.425,0.688
PerGent,GPT-5.2,P1,0.916,0.444,0.691
PerGent,GPT-5.2,P1,0.907,0.440,0.685
PerGent,GPT-5.2,P1,0.905,0.436,0.696
PerGent,GPT-5.2,P1,0.902,0.425,0.708
PerGent,GPT-5.2,P2,0.908,0.458,0.673
PerGent,GPT-5.2,P2,0.905,0.425,0.695
PerGent,GPT-5.2,P2,0.922,0.424,0.705
PerGent,GPT-5.2,P2,0.922,0.430,0.685
PerGent,GPT-5.2,P2,0.929,0.438,0.686
PerGent,GPT-5.2,P3,0.919,0.419,0.687
PerGent,GPT-5.2,P3,0.899,0.434,0.687
PerGent,GPT-5.2,P3,0.905,0.442,0.674
PerGent,GPT-5.2,P3,0.918,0.430,0.700
PerGent,GPT-5.2,P3,0.916,0.418,0.696
PerGent,GPT-5.2,P4,0.925,0.434,0.693
PerGent,GPT-5.2,P4,0.896,0.434,0.690
PerGent,GPT-5.2,P4,0.911,0.413,0.672
PerGent,GPT-5.2,P4,0.925,0.427,0.686
PerGent,GPT-5.2,P4,0.940,0.429,0.706
PerGent,GPT-5.2,P5,0.920,0.445,0.706
PerGent,GPT-5.2,P5,0.929,0.444,0.688
PerGent,GPT-5.2,P5,0.914,0.427,0.696
PerGent,GPT-5.2,P5,0.917,0.432,0.684
PerGent,GPT-5.2,P5,0.923,0.442,0.675
PerGent,GPT-5.2,P6,0.910,0.432,0.684
PerGent,GPT-5.2,P6,0.922,0.430,0.699
PerGent,GPT-5.2,P6,0.920,0.453,0.687
PerGent,GPT-5.2,P6,0.928,0.435,0.687
PerGent,GPT-5.2,P6,0.925,0.443,0.686
PerGent,GPT-5.2,P7,0.911,0.441,0.688
PerGent,GPT-5.2,P7,0.916,0.428,0.694
PerGent,GPT-5.2,P7,0.924,0.445,0.698
PerGent,GPT-5.2,P7,0.925,0.434,0.684
PerGent,GPT-5.2,P7,0.918,0.417,0.693
PerGent,GPT-5.2,P8,0.899,0.439,0.693
PerGent,GPT-5.2,P8,0.912,0.450,0.703
PerGent,GPT-5.2,P8,0.929,0.443,0.679
PerGent,GPT-5.2,P8,0.907,0.436,0.681
PerGent,GPT-5.2,P8,0.921,0.443,0.693
PerGent,GPT-5.2,P9,0.927,0.433,0.683
PerGent,GPT-5.2,P9,0.926,0.441,0.704
PerGent,GPT-5.2,P9,0.928,0.434,0.701
PerGent,GPT-5.2,P9,0.920,0.445,0.719
PerGent,GPT-5.2,P9,0.908,0.435,0.693
PerGent,GPT-5.2,P10,0.923,0.436,0.697
PerGent,GPT-5.2,P10,0.917,0.445,0.689
PerGent,GPT-5.2,P10,0.911,0.428,0.693
PerGent,GPT-5.2,P10,0.924,0.432,0.676
PerGent,GPT-5.2,P10,0.900,0.440,0.692
